filename,category,partnumber,materialcode,phase,stage,description,status,documenttype,documentname,documentrev,documentcategory,documentnumber,start_time,deadline_at,end_at,goal_attainment_level,tasseido,object
IATF 16949 内部監査資料_箇条8.5.4_箇条8.5.4.1梱包工程.pdf,3,,,32,331,,完了,,梱包工程,,,8.5.4,2023-05-28 00:00:00,2023-05-28 00:00:00,2023-05-28 00:00:00,100,100,object1
IATF 16949 内部監査資料_箇条7.1.5.1.1測定システム解析 (3).pdf,3,,,32,331,,完了,,箇条7.1.5.1.1測定システム解析,,,7.1.5.1.1,2023-05-28 00:00:00,2023-05-28 00:00:00,2023-05-28 00:00:00,50,50,object1
IATF 16949 内部監査資料_箇条8.5.6.1.1工程管理の一時的変更.pdf,3,,,32,331,,完了,,箇条8.5.6.1.1工程管理の一時的変更,,,8.5.6.1.1,2023-05-28 00:00:00,2023-05-28 00:00:00,2023-05-28 00:00:00,50,50,object1
IATF 16949 内部監査資料_箇条8.7.1.7不適合製品の廃棄.pdf,3,,,32,331,,完了,,箇条8.7.1.7不適合製品の廃棄,,,8.7.1.7,2023-05-28 00:00:00,2023-05-28 00:00:00,2023-05-28 00:00:00,50,50,object1
IATF 16949 内部監査資料_箇条9.1.1.1製造工程の監視及び測定.pdf,3,,,32,331,,完了,,箇条9.1.1.1製造工程の監視及び測定,,,9.1.1.1,2023-05-28 00:00:00,2023-05-28 00:00:00,2023-05-28 00:00:00,50,50,object1
IATF 16949 内部監査資料_箇条7.1.5.1.1_計測機器選定.pdf,3,,,32,331,,完了,,箇条7.1.5.1.1_計測機器選定,,,7.1.5.1.1,2023-05-28 00:00:00,2023-05-28 00:00:00,2023-05-28 00:00:00,50,50,object1
IATF 16949 内部監査資料_箇条10.2.4_ポカヨケ.pdf,3,,,32,331,,完了,,箇条10.2.4_ポカヨケ,,,10.2.4,2023-05-28 00:00:00,2023-05-28 00:00:00,2023-05-28 00:00:00,50,50,object1
IATF 16949 内部監査資料_箇条7.1.5.1.1_MSAの外観検査.pdf,3,,,32,331,,完了,,箇条7.1.5.1.1_MSAの外観検査,,,7.1.5.1.1,2023-05-28 00:00:00,2023-05-28 00:00:00,2023-05-28 00:00:00,50,50,object1
IATF 16949 内部監査資料_箇条7.1.5.2.1_測定器の校正.pdf,3,,,32,331,,完了,,箇条7.1.5.2.1_測定器の校正,,,7.1.5.2.1,2023-05-28 00:00:00,2023-05-28 00:00:00,2023-05-28 00:00:00,50,50,object1
IATF 16949 内部監査資料_箇条8.6.3_外観検査項目の管理.pdf,3,,,32,331,,完了,,箇条8.6.3_外観検査項目の管理,,,8.6.3,2023-05-28 00:00:00,2023-05-28 00:00:00,2023-05-28 00:00:00,50,50,object1
IATF 16949 内部監査資料_ 箇条7.1.5.1.1_9.1.1.2_工程管理と工程能力.pdf,3,,,32,331,,完了,,箇条7.1.5.1.1_9.1.1.2_工程管理と工程能力,,,7.1.5.1.1,2023-05-28 00:00:00,2023-05-28 00:00:00,2023-05-28 00:00:00,50,50,object1
IATF 16949 内部監査資料_箇条8.5.2.1識別及びトレーサビリティ.pdf,3,,,32,331,,完了,,箇条8.5.2.1識別及びトレーサビリティ,,,8.5.2.1,2023-05-28 00:00:00,2023-05-28 00:00:00,2023-05-28 00:00:00,50,50,object1
IATF 16949 内部監査資料_箇条7.1.5.1.1測定システム解析 (2).pdf,3,,,32,331,,完了,,箇条7.1.5.1.1測定システム解析,,,7.1.5.1.1,2023-05-28 00:00:00,2023-05-28 00:00:00,2023-05-28 00:00:00,50,50,object1
IATF 16949 内部監査資料_箇条9.1.1.3統計概念の適用.pdf,3,,,32,331,,完了,,箇条9.1.1.3統計概念の適用,,,9.1.1.3,2023-05-28 00:00:00,2023-05-28 00:00:00,2023-05-28 00:00:00,50,50,object1
IATF 16949 内部監査資料_箇条7.1.5.1.1_生産と検査.pdf,3,,,32,331,,完了,,箇条7.1.5.1.1_生産と検査,,,7.1.5.1.1,2023-05-28 00:00:00,2023-05-28 00:00:00,2023-05-28 00:00:00,50,50,object1
IATF 16949 内部監査資料_箇条7.1.5.1.1測定システム解析.pdf,3,,,32,331,,完了,,箇条7.1.5.1.1測定システム解析,,,7.1.5.1.1,2023-05-28 00:00:00,2023-05-28 00:00:00,2023-05-28 00:00:00,50,50,object1
IATF 16949 内部監査資料_箇条8.5.1.5_TPM( Total productive main).pdf,3,,,32,331,,完了,,箇条8.5.1.5_TPM( Total productive main),,,8.5.1.5,2023-05-28 00:00:00,2023-05-28 00:00:00,2023-05-28 00:00:00,50,50,object1
IATF 16949 内部監査資料_箇条8.5.1.5.pdf,3,,,32,331,,完了,,箇条8.5.1.5_TPM,,,8.5.1.5,2023-05-28 00:00:00,2023-05-28 00:00:00,2023-05-28 00:00:00,50,50,object1
IATF 16949 内部監査資料_ 箇条8.5.1.3作業の段取り設定検証_箇条8.5.1.4シャットダウン後の検証.pdf,3,,,32,331,,完了,,箇条8.5.1.3作業の段取り設定検証_箇条8.5.1.4シャットダウン後の検証,,,8.5.1.3,2023-05-28 00:00:00,2023-05-28 00:00:00,2023-05-28 00:00:00,50,50,object1
IATF 16949 内部監査資料_ 箇条8.5.1.2標準作業-作業者指示書及び目視標準.pdf,3,,,32,331,,完了,,箇条8.5.1.2標準作業-作業者指示書及び目視標準,,,8.5.1.2,2023-05-28 00:00:00,2023-05-28 00:00:00,2023-05-28 00:00:00,50,50,object1
IATF 16949 内部監査資料_ 箇条8.5.1.6生産治工具並びに製造_試験_検査の治工具及び設備の運用管理.pdf,3,,,32,331,,完了,,箇条8.5.1.6生産治工具並びに製造_試験_検査の治工具及び設備の運用管理,,,8.5.1.6,2023-05-28 00:00:00,2023-05-28 00:00:00,2023-05-28 00:00:00,50,50,object1
IATF 16949 内部監査資料_ 箇条7.1.5.2.1_校正_検証の記録_7.3.1認識_補足.pdf,3,,,32,331,,完了,,箇条7.1.5.2.1_校正_検証の記録_7.3.1認識_補足,,,7.1.5.2.1,2023-05-28 00:00:00,2023-05-28 00:00:00,2023-05-28 00:00:00,50,50,object1
IATF 16949 内部監査資料_箇条8.4.1外部から提供されるプロセス、製品及びサービスの管理.pdf,3,,,32,331,,完了,,箇条8.4.1外部から提供されるプロセス、製品及びサービスの管理,,,8.4.1,2023-05-28 00:00:00,2023-05-28 00:00:00,2023-05-28 00:00:00,50,50,object1
IATF 16949内部監査資料_箇条8.4.1.2供給者選定プロセス.pdf,3,,,32,331,,完了,,箇条8.4.1.2供給者選定プロセス,,,8.4.1,2023-05-28 00:00:00,2023-05-28 00:00:00,2023-05-28 00:00:00,50,50,object1
IATF 16949内部監査資料_7.1.4プロセスの運用に関する環境.pdf,3,,,32,331,,完了,,7.1.4プロセスの運用に関する環境,,,7.1.4,2023-05-28 00:00:00,2023-05-28 00:00:00,2023-05-28 00:00:00,50,50,object1
IATF 16949 内部監査資料_ 箇条10.2.4ポカヨケ.pdf,3,,,32,331,,完了,,箇条10.2.4ポカヨケ,,,10.2.4,2023-05-28 00:00:00,2023-05-28 00:00:00,2023-05-28 00:00:00,50,50,object1
IATF 16949内部監査資料_箇条7.2.3　内部監査員の力量.pdf,3,,,32,331,,完了,,箇条7.2.3　内部監査員の力量,,,10.2.3,2023-05-28 00:00:00,2023-05-28 00:00:00,2023-05-28 00:00:00,50,50,object1
IATF 16949 内部監査資料_箇条7.1.5.1.1測定システム解析_箇条9.2.2内部監査の実施.pdf,3,,,32,331,,完了,,箇条7.1.5.1.1測定システム解析_箇条9.2.2内部監査の実施,,,7.1.5.1.1,2023-05-28 00:00:00,2023-05-28 00:00:00,2023-05-28 00:00:00,50,50,object1
IATF 16949 内部監査資料_箇条7.2.2力量_業務を通じた教育訓練(OJT)_箇条7.4内部_外部のコミュニケーション.pdf,3,,,32,331,,完了,,箇条7.2.2力量_業務を通じた教育訓練(OJT),,,7.2.2,2023-05-28 00:00:00,2023-05-28 00:00:00,2023-05-28 00:00:00,50,50,object1
IATF 16949 内部監査資料_箇条7.1.5.1.1測定システム解析（外観検査）.pdf,3,,,32,331,,完了,,箇条7.1.5.1.1測定システム解析（外観検査）,,,7.1.5.1.1,2023-05-28 00:00:00,2023-05-28 00:00:00,2023-05-28 00:00:00,50,50,object1
IATF 16949 内部監査資料_箇条7.2.2力量_箇条9.2.2.3製造工程監査.pdf,3,,,32,331,,完了,,箇条7.2.2力量_箇条9.2.2.3製造工程監査,,,7.2.2,2023-05-28 00:00:00,2023-05-28 00:00:00,2023-05-28 00:00:00,50,50,object1
IATF 16949 内部監査資料_箇条7.1.3.1.pdf,3,,,32,331,,完了,,箇条7.1.3.1,,,7.1.3.1,2023-05-28 00:00:00,2023-05-28 00:00:00,2023-05-28 00:00:00,50,50,object1
4.4.1.1製品及びプロセスの適合.pptx,3,,,32,331,,完了,,製品及びプロセスの適合,,,4.4.1.1,2023-05-28 00:00:00,2023-05-28 00:00:00,2023-05-28 00:00:00,50,50,object1
4.4.1.2製品安全.pptx,3,,,32,331,,完了,,製品安全,,,4.4.1.2,2023-05-28 00:00:00,2023-05-28 00:00:00,2023-05-28 00:00:00,50,50,object1
6.1.2.1リスク分析.pptx,3,,,32,331,,完了,,リスク分析,,,6.1.2.1,2023-05-28 00:00:00,2023-05-28 00:00:00,2023-05-28 00:00:00,50,50,object1
6.1.2.2予防処置.pptx,3,,,32,331,,完了,,予防処置,,,6.1.2.2,2023-05-28 00:00:00,2023-05-28 00:00:00,2023-05-28 00:00:00,50,50,object1
6.1.2.3緊急事態対応計画.pptx,3,,,32,331,,完了,,緊急事態対応計画,,,6.1.2.3,2023-05-28 00:00:00,2023-05-28 00:00:00,2023-05-28 00:00:00,50,50,object1
6.1リスク及び機会への取組み.pptx,3,,,32,331,,完了,,リスク及び機会への取組み,,,6.1,2023-05-28 00:00:00,2023-05-28 00:00:00,2023-05-28 00:00:00,50,50,object1
6.2.1品質目標の策定（岩波氏）.pptx,3,,,32,331,,完了,,品質目標の策定（岩波氏）,,,6.2.1,2023-05-28 00:00:00,2023-05-28 00:00:00,2023-05-28 00:00:00,50,50,object1
6.2.2.1品質目標及びそれを達成するための計画策定－補足.pptx,3,,,32,331,,完了,,品質目標及びそれを達成するための計画策定－補足,,,6.2.2.1,2023-05-28 00:00:00,2023-05-28 00:00:00,2023-05-28 00:00:00,50,50,object1
6.2.2品質目標達成計画の策定（岩波氏）.pptx,3,,,32,331,,完了,,品質目標達成計画の策定（岩波氏）,,,6.2.2,2023-05-28 00:00:00,2023-05-28 00:00:00,2023-05-28 00:00:00,50,50,object1
7.1.3.1工場、施設及び設備の計画.pptx,3,,,32,331,,完了,,工場、施設及び設備の計画,,,7.1.3.1,2023-05-28 00:00:00,2023-05-28 00:00:00,2023-05-28 00:00:00,50,50,object1
7.1.4.1プロセスの運用に関する環境－補足.pptx,3,,,32,331,,完了,,プロセスの運用に関する環境－補足,,,7.1.4.1,2023-05-28 00:00:00,2023-05-28 00:00:00,2023-05-28 00:00:00,50,50,object1
7.1.4プロセスの運用に関する環境（岩波氏）.pptx,3,,,32,331,,完了,,プロセスの運用に関する環境（岩波氏）,,,7.1.4,2023-05-28 00:00:00,2023-05-28 00:00:00,2023-05-28 00:00:00,50,50,object1
7.1.5.1.1測定システム解析.pptx,3,,,32,331,,完了,,測定システム解析,,,7.1.5.1.1,2023-05-28 00:00:00,2023-05-28 00:00:00,2023-05-28 00:00:00,50,50,object1
7.1.5.2（注記）.pptx,3,,,32,331,,完了,,（注記）,,,7.1.5.2,2023-05-28 00:00:00,2023-05-28 00:00:00,2023-05-28 00:00:00,50,50,object1
7.1.5.2.1校正_検証の記録.pptx,3,,,32,331,,完了,,校正_検証の記録,,,7.1.5.2.1,2023-05-28 00:00:00,2023-05-28 00:00:00,2023-05-28 00:00:00,50,50,object1
7.1.5.3.1内部試験所.pptx,3,,,32,331,,完了,,内部試験所,,,7.1.5.3.1,2023-05-28 00:00:00,2023-05-28 00:00:00,2023-05-28 00:00:00,50,50,object1
7.1.5.3.2外部試験所.pptx,3,,,32,331,,完了,,外部試験所,,,7.1.5.3.2,2023-05-28 00:00:00,2023-05-28 00:00:00,2023-05-28 00:00:00,50,50,object1
7.2.1力量－補足.pptx,3,,,32,331,,完了,,力量－補足,,,7.2.1,2023-05-28 00:00:00,2023-05-28 00:00:00,2023-05-28 00:00:00,50,50,object1
7.2.2力量－業務を通じた教育訓練（OJT）.pptx,3,,,32,331,,完了,,業務を通じた教育訓練（OJT）,,,7.2.2,2023-05-28 00:00:00,2023-05-28 00:00:00,2023-05-28 00:00:00,50,50,object1
7.2.3内部監査員の力量.pptx,3,,,32,331,,完了,,内部監査員の力量,,,7.2.3,2023-05-28 00:00:00,2023-05-28 00:00:00,2023-05-28 00:00:00,50,50,object1
7.2.4第二者監査員の力量.pptx,3,,,32,331,,完了,,第二者監査員の力量,,,7.2.4,2023-05-28 00:00:00,2023-05-28 00:00:00,2023-05-28 00:00:00,50,50,object1
7.2力量（岩波氏）.pptx,3,,,32,331,,完了,,力量（岩波氏）,,,7.2,2023-05-28 00:00:00,2023-05-28 00:00:00,2023-05-28 00:00:00,50,50,object1
7.3.1認識－補足.pptx,3,,,32,331,,完了,,認識－補足,,,7.3.1,2023-05-28 00:00:00,2023-05-28 00:00:00,2023-05-28 00:00:00,50,50,object1
7.3.2従業員の動機付け及びエンパワーメント.pptx,3,,,32,331,,完了,,従業員の動機付け及びエンパワーメント,,,7.3.2,2023-05-28 00:00:00,2023-05-28 00:00:00,2023-05-28 00:00:00,50,50,object1
7.4コミュニケーション（岩波氏）.pptx,3,,,32,331,,完了,,コミュニケーション（岩波氏）,,,7.4,2023-05-28 00:00:00,2023-05-28 00:00:00,2023-05-28 00:00:00,50,50,object1
7.5.1.1品質マネジメントシステムの文書類.pptx,3,,,32,331,,完了,,品質マネジメントシステムの文書類,,,7.5.1.1,2023-05-28 00:00:00,2023-05-28 00:00:00,2023-05-28 00:00:00,50,50,object1
7.5.3.2.1記録の保管.pptx,3,,,32,331,,完了,,記録の保管,,,7.5.3.2.1,2023-05-28 00:00:00,2023-05-28 00:00:00,2023-05-28 00:00:00,50,50,object1
7.5.3.2.2技術仕様書.pptx,3,,,32,331,,完了,,技術仕様書,,,7.5.3.2.2,2023-05-28 00:00:00,2023-05-28 00:00:00,2023-05-28 00:00:00,50,50,object1
8.1.1運用の計画及び管理－補足.pptx,3,,,32,331,,完了,,運用の計画及び管理－補足,,,8.1.1,2023-05-28 00:00:00,2023-05-28 00:00:00,2023-05-28 00:00:00,50,50,object1
8.1.2機密保持.pptx,3,,,32,331,,完了,,機密保持,,,8.1.2,2023-05-28 00:00:00,2023-05-28 00:00:00,2023-05-28 00:00:00,50,50,object1
8.2.1.1顧客とのコミュニケーション－補足.pptx,3,,,32,331,,完了,,顧客とのコミュニケーション－補足,,,8.2.1.1,2023-05-28 00:00:00,2023-05-28 00:00:00,2023-05-28 00:00:00,50,50,object1
8.2.2.1製品及びサービスに関する要求事項の明確化－補足.pptx,3,,,32,331,,完了,,製品及びサービスに関する要求事項の明確化－補足,,,8.2.2.1,2023-05-28 00:00:00,2023-05-28 00:00:00,2023-05-28 00:00:00,50,50,object1
8.2.3.1.1製品及びサービスに関する要求事項のレビュー－補足.pptx,3,,,32,331,,完了,,製品及びサービスに関する要求事項のレビュー－補足,,,8.2.3.1.1,2023-05-28 00:00:00,2023-05-28 00:00:00,2023-05-28 00:00:00,50,50,object1
8.2.3.1.2顧客指定の特殊特性.pptx,3,,,32,331,,完了,,顧客指定の特殊特性,,,8.2.3.1.2,2023-05-28 00:00:00,2023-05-28 00:00:00,2023-05-28 00:00:00,50,50,object1
8.2.3.1.3組織の製造フィージビリティ.pptx,3,,,32,331,,完了,,組織の製造フィージビリティ,,,8.2.3.1.3,2023-05-28 00:00:00,2023-05-28 00:00:00,2023-05-28 00:00:00,50,50,object1
8.3.1.1製品及びサービスの設計・開発－補足.pptx,3,,,32,331,,完了,,製品及びサービスの設計・開発－補足,,,8.3.1.1,2023-05-28 00:00:00,2023-05-28 00:00:00,2023-05-28 00:00:00,50,50,object1
8.3.2.1設計・開発の計画－補足.pptx,3,,,32,331,,完了,,設計・開発の計画－補足,,,8.3.2.1,2023-05-28 00:00:00,2023-05-28 00:00:00,2023-05-28 00:00:00,50,50,object1
8.3.2.2製品設計の技能.pptx,3,,,32,331,,完了,,製品設計の技能,,,8.3.2.2,2023-05-28 00:00:00,2023-05-28 00:00:00,2023-05-28 00:00:00,50,50,object1
8.3.2.3組込みソフトウェアをもつ製品の開発.pptx,3,,,32,331,,完了,,組込みソフトウェアをもつ製品の開発,,,8.3.2.3,2023-05-28 00:00:00,2023-05-28 00:00:00,2023-05-28 00:00:00,50,50,object1
8.3.3.1製品設計へのインプット.pptx,3,,,32,331,,完了,,製品設計へのインプット,,,8.3.3.1,2023-05-28 00:00:00,2023-05-28 00:00:00,2023-05-28 00:00:00,50,50,object1
8.3.3.2製造工程設計へのインプット.pptx,3,,,32,331,,完了,,製造工程設計へのインプット,,,8.3.3.2,2023-05-28 00:00:00,2023-05-28 00:00:00,2023-05-28 00:00:00,50,50,object1
8.3.3.3特殊特性.pptx,3,,,32,331,,完了,,特殊特性,,,8.3.3.3,2023-05-28 00:00:00,2023-05-28 00:00:00,2023-05-28 00:00:00,50,50,object1
8.3.4.1監視.pptx,3,,,32,331,,完了,,監視,,,8.3.4.1,2023-05-28 00:00:00,2023-05-28 00:00:00,2023-05-28 00:00:00,50,50,object1
8.3.4.2設計・開発の妥当性確認.pptx,3,,,32,331,,完了,,設計・開発の妥当性確認,,,8.3.4.2,2023-05-28 00:00:00,2023-05-28 00:00:00,2023-05-28 00:00:00,50,50,object1
8.3.4.3試作プログラム.pptx,3,,,32,331,,完了,,試作プログラム,,,8.3.4.3,2023-05-28 00:00:00,2023-05-28 00:00:00,2023-05-28 00:00:00,50,50,object1
8.3.4.4製品承認プロセス.pptx,3,,,32,331,,完了,,製品承認プロセス,,,8.3.4.4,2023-05-28 00:00:00,2023-05-28 00:00:00,2023-05-28 00:00:00,50,50,object1
8.3.4設計・開発の管理.pptx,3,,,32,331,,完了,,設計・開発の管理,,,8.3.4,2023-05-28 00:00:00,2023-05-28 00:00:00,2023-05-28 00:00:00,50,50,object1
8.3.5.1設計・開発からのアウトプット－補足.pptx,3,,,32,331,,完了,,設計・開発からのアウトプット－補足,,,8.3.5.1,2023-05-28 00:00:00,2023-05-28 00:00:00,2023-05-28 00:00:00,50,50,object1
8.3.5.2製造工程設計・開発からのアウトプット.pptx,3,,,32,331,,完了,,製造工程設計・開発からのアウトプット,,,8.3.5.2,2023-05-28 00:00:00,2023-05-28 00:00:00,2023-05-28 00:00:00,50,50,object1
8.3.6.1設計・開発の変更－補足.pptx,3,,,32,331,,完了,,設計・開発の変更－補足,,,8.3.6.1,2023-05-28 00:00:00,2023-05-28 00:00:00,2023-05-28 00:00:00,50,50,object1
8.4.1.1一般－補足.pptx,3,,,32,331,,完了,,一般－補足,,,8.4.1.1,2023-05-28 00:00:00,2023-05-28 00:00:00,2023-05-28 00:00:00,50,50,object1
8.4.1.2供給者選定プロセス.pptx,3,,,32,331,,完了,,供給者選定プロセス,,,8.4.1.2,2023-05-28 00:00:00,2023-05-28 00:00:00,2023-05-28 00:00:00,50,50,object1
8.4.1.3顧客指定の供給者（指定購買）.pptx,3,,,32,331,,完了,,顧客指定の供給者（指定購買）,,,8.4.1.3,2023-05-28 00:00:00,2023-05-28 00:00:00,2023-05-28 00:00:00,50,50,object1
8.4.1一般（岩波氏）.pptx,3,,,32,331,,完了,,一般（岩波氏）,,,8.4.1,2023-05-28 00:00:00,2023-05-28 00:00:00,2023-05-28 00:00:00,50,50,object1
8.4.2.1管理の方式及び程度－補足.pptx,3,,,32,331,,完了,,管理の方式及び程度－補足,,,8.4.2.1,2023-05-28 00:00:00,2023-05-28 00:00:00,2023-05-28 00:00:00,50,50,object1
8.4.2.2法令・規制要求事項.pptx,3,,,32,331,,完了,,法令・規制要求事項,,,8.4.2.2,2023-05-28 00:00:00,2023-05-28 00:00:00,2023-05-28 00:00:00,50,50,object1
8.4.2.3.1自動車製品に関係するソフトウェア又は組込みソフトウェアをもつ製品.pptx,3,,,32,331,,完了,,自動車製品に関係するソフトウェア又は組込みソフトウェアをもつ製品,,,8.4.2.3.1,2023-05-28 00:00:00,2023-05-28 00:00:00,2023-05-28 00:00:00,50,50,object1
8.4.2.3供給者の品質マネジメントシステム開発.pptx,3,,,32,331,,完了,,供給者の品質マネジメントシステム開発,,,8.4.2.3,2023-05-28 00:00:00,2023-05-28 00:00:00,2023-05-28 00:00:00,50,50,object1
8.4.2.4.1第二者監査.pptx,3,,,32,331,,完了,,第二者監査,,,8.4.2.4.1,2023-05-28 00:00:00,2023-05-28 00:00:00,2023-05-28 00:00:00,50,50,object1
8.4.2.4供給者の監視.pptx,3,,,32,331,,完了,,供給者の監視,,,8.4.2.4,2023-05-28 00:00:00,2023-05-28 00:00:00,2023-05-28 00:00:00,50,50,object1
8.4.2.5供給者の開発.pptx,3,,,32,331,,完了,,供給者の開発,,,8.4.2.5,2023-05-28 00:00:00,2023-05-28 00:00:00,2023-05-28 00:00:00,50,50,object1
8.4.2管理の程度（岩波氏）.pptx,3,,,32,331,,完了,,管理の程度（岩波氏）,,,8.4.2,2023-05-28 00:00:00,2023-05-28 00:00:00,2023-05-28 00:00:00,50,50,object1
8.4.3.1外部提供者に対する情報－補足.pptx,3,,,32,331,,完了,,外部提供者に対する情報－補足,,,8.4.3.1,2023-05-28 00:00:00,2023-05-28 00:00:00,2023-05-28 00:00:00,50,50,object1
8.5.1（注記）.pptx,3,,,32,331,,完了,,（注記）,,,8.5.1,2023-05-28 00:00:00,2023-05-28 00:00:00,2023-05-28 00:00:00,50,50,object1
8.5.1.1コントロールプラン.pptx,3,,,32,331,,完了,,コントロールプラン,,,8.5.1.1,2023-05-28 00:00:00,2023-05-28 00:00:00,2023-05-28 00:00:00,50,50,object1
8.5.1.2標準作業－作業者指示書及び目視標準.pptx,3,,,32,331,,完了,,標準作業－作業者指示書及び目視標準,,,8.5.1.2,2023-05-28 00:00:00,2023-05-28 00:00:00,2023-05-28 00:00:00,50,50,object1
8.5.1.3作業の段取り替え検証.pptx,3,,,32,331,,完了,,作業の段取り替え検証,,,8.5.1.3,2023-05-28 00:00:00,2023-05-28 00:00:00,2023-05-28 00:00:00,50,50,object1
8.5.1.4シャットダウン後の検証.pptx,3,,,32,331,,完了,,シャットダウン後の検証,,,8.5.1.4,2023-05-28 00:00:00,2023-05-28 00:00:00,2023-05-28 00:00:00,50,50,object1
8.5.1.5TPM（Totalproductivemaintenance）.pptx,3,,,32,331,,完了,,TPM（Totalproductivemaintenance）,,,8.5.1.5,2023-05-28 00:00:00,2023-05-28 00:00:00,2023-05-28 00:00:00,50,50,object1
8.5.1.6生産治工具並びに製造、試験、検査の治工具及び設備の運用管理.pptx,3,,,32,331,,完了,,生産治工具並びに製造、試験、検査の治工具及び設備の運用管理,,,8.5.1.6,2023-05-28 00:00:00,2023-05-28 00:00:00,2023-05-28 00:00:00,50,50,object1
8.5.1.7生産計画.pptx,3,,,32,331,,完了,,生産計画,,,8.5.1.7,2023-05-28 00:00:00,2023-05-28 00:00:00,2023-05-28 00:00:00,50,50,object1
8.5.2（注記）.pptx,3,,,32,331,,完了,,（注記）,,,8.5.2,2023-05-28 00:00:00,2023-05-28 00:00:00,2023-05-28 00:00:00,50,50,object1
8.5.2.1識別及びトレーサビリティ－補足.pptx,3,,,32,331,,完了,,識別及びトレーサビリティ－補足,,,8.5.2.1,2023-05-28 00:00:00,2023-05-28 00:00:00,2023-05-28 00:00:00,50,50,object1
8.5.4.1保存－補足.pptx,3,,,32,331,,完了,,保存－補足,,,8.5.4.1,2023-05-28 00:00:00,2023-05-28 00:00:00,2023-05-28 00:00:00,50,50,object1
8.5.5.1サービスからの情報のフィードバック.pptx,3,,,32,331,,完了,,サービスからの情報のフィードバック,,,8.5.5.1,2023-05-28 00:00:00,2023-05-28 00:00:00,2023-05-28 00:00:00,50,50,object1
8.5.5.2顧客とのサービス契約.pptx,3,,,32,331,,完了,,顧客とのサービス契約,,,8.5.5.2,2023-05-28 00:00:00,2023-05-28 00:00:00,2023-05-28 00:00:00,50,50,object1
8.5.6.1.1工程管理の一時的変更.pptx,3,,,32,331,,完了,,工程管理の一時的変更,,,8.5.6.1.1,2023-05-28 00:00:00,2023-05-28 00:00:00,2023-05-28 00:00:00,50,50,object1
8.5.6.1変更の管理－補足.pptx,3,,,32,331,,完了,,変更の管理－補足,,,8.5.6.1,2023-05-28 00:00:00,2023-05-28 00:00:00,2023-05-28 00:00:00,50,50,object1
8.6.1製品及びサービスのリリース－補足.pptx,3,,,32,331,,完了,,製品及びサービスのリリース－補足,,,8.6.1,2023-05-28 00:00:00,2023-05-28 00:00:00,2023-05-28 00:00:00,50,50,object1
8.6.2レイアウト検査及び機能試験.pptx,3,,,32,331,,完了,,レイアウト検査及び機能試験,,,8.6.2,2023-05-28 00:00:00,2023-05-28 00:00:00,2023-05-28 00:00:00,50,50,object1
8.6.3外観品目.pptx,3,,,32,331,,完了,,外観品目,,,8.6.3,2023-05-28 00:00:00,2023-05-28 00:00:00,2023-05-28 00:00:00,50,50,object1
8.6.4外部から提供される製品及びサービスの検証及び受入れ.pptx,3,,,32,331,,完了,,外部から提供される製品及びサービスの検証及び受入れ,,,8.6.4,2023-05-28 00:00:00,2023-05-28 00:00:00,2023-05-28 00:00:00,50,50,object1
8.6.5法令・規制への適合.pptx,3,,,32,331,,完了,,法令・規制への適合,,,8.6.5,2023-05-28 00:00:00,2023-05-28 00:00:00,2023-05-28 00:00:00,50,50,object1
8.6.6合否判定基準.pptx,3,,,32,331,,完了,,合否判定基準,,,8.6.6,2023-05-28 00:00:00,2023-05-28 00:00:00,2023-05-28 00:00:00,50,50,object1
8.6製品およびサービスのリリース　（岩波氏）.pptx,3,,,32,331,,完了,,製品およびサービスのリリース　（岩波氏）,,,8.6,2023-05-28 00:00:00,2023-05-28 00:00:00,2023-05-28 00:00:00,50,50,object1
8.7.1.1特別採用に対する顧客の正式許可.pptx,3,,,32,331,,完了,,特別採用に対する顧客の正式許可,,,8.7.1.1,2023-05-28 00:00:00,2023-05-28 00:00:00,2023-05-28 00:00:00,50,50,object1
8.7.1.2不適合製品の管理－顧客規定のプロセス.pptx,3,,,32,331,,完了,,不適合製品の管理－顧客規定のプロセス,,,8.7.1.2,2023-05-28 00:00:00,2023-05-28 00:00:00,2023-05-28 00:00:00,50,50,object1
8.7.1.3疑わしい製品の管理.pptx,3,,,32,331,,完了,,疑わしい製品の管理,,,8.7.1.3,2023-05-28 00:00:00,2023-05-28 00:00:00,2023-05-28 00:00:00,50,50,object1
8.7.1.4手直し製品の管理.pptx,3,,,32,331,,完了,,手直し製品の管理,,,8.7.1.4,2023-05-28 00:00:00,2023-05-28 00:00:00,2023-05-28 00:00:00,50,50,object1
8.7.1.5修理製品の管理.pptx,3,,,32,331,,完了,,修理製品の管理,,,8.7.1.5,2023-05-28 00:00:00,2023-05-28 00:00:00,2023-05-28 00:00:00,50,50,object1
8.7.1.6顧客への通知.pptx,3,,,32,331,,完了,,顧客への通知,,,8.7.1.6,2023-05-28 00:00:00,2023-05-28 00:00:00,2023-05-28 00:00:00,50,50,object1
8.7.1.7不適合製品の廃棄.pptx,3,,,32,331,,完了,,不適合製品の廃棄,,,8.7.1.7,2023-05-28 00:00:00,2023-05-28 00:00:00,2023-05-28 00:00:00,50,50,object1
5.1.1.1　企業責任.pptx,3,,,32,331,,完了,,企業責任,,,5.1.1.1,2023-05-28 00:00:00,2023-05-28 00:00:00,2023-05-28 00:00:00,50,50,object1
5.1.1.2　プロセスの有効性及び効率.pptx,3,,,32,331,,完了,,プロセスの有効性及び効率,,,5.1.1.2,2023-05-28 00:00:00,2023-05-28 00:00:00,2023-05-28 00:00:00,50,50,object1
5.1.1.3　プロセスオーナー.pptx,3,,,32,331,,完了,,プロセスオーナー,,,5.1.1.3,2023-05-28 00:00:00,2023-05-28 00:00:00,2023-05-28 00:00:00,50,50,object1
5.3.1　組織の役割、責任及び権限－補足.pptx,3,,,32,331,,完了,,組織の役割、責任及び権限－補足,,,5.3.1,2023-05-28 00:00:00,2023-05-28 00:00:00,2023-05-28 00:00:00,50,50,object1
5.3.2　製品要求事項及び是正処置に対する責任及び権限.pptx,3,,,32,331,,完了,,製品要求事項及び是正処置に対する責任及び権限,,,5.3.2,2023-05-28 00:00:00,2023-05-28 00:00:00,2023-05-28 00:00:00,50,50,object1
IATF 16949 内部監査資料_箇条4.4.1品質マネジメントシステム及びそのプロセス_箇条6.1リスク及び機会への取り組み.pdf,3,,,32,331,,完了,,品質マネジメントシステム及びそのプロセス_リスク及び機会への取り組み,,,4.4.1,2023-05-28 00:00:00,2023-05-28 00:00:00,2023-05-28 00:00:00,50,50,object1
IATF 16949 内部監査資料_箇条6.2品質目標及びそれを達成するための計画策定.pdf,3,,,32,331,,完了,,品質目標及びそれを達成するための計画策定,,,6.2,2023-05-28 00:00:00,2023-05-28 00:00:00,2023-05-28 00:00:00,50,50,object1
IATF 16949 内部監査資料_箇条9.3マネジメントレビュー.pdf,3,,,32,331,,完了,,マネジメントレビュー,,,9.3,2023-05-28 00:00:00,2023-05-28 00:00:00,2023-05-28 00:00:00,50,50,object1
IATF 16949 内部監査資料_箇条8.3.4.4製品承認プロセス.pdf,3,,,32,331,,完了,,製品承認プロセス,,,8.3.4.4,2023-05-28 00:00:00,2023-05-28 00:00:00,2023-05-28 00:00:00,50,50,object1
IATF 16949 内部監査資料_箇条8.2.3.1.3_組織の製造フィージビリティ.pdf,3,,,32,331,,完了,,組織の製造フィージビリティ,,,8.2.3.1.3,2023-05-28 00:00:00,2023-05-28 00:00:00,2023-05-28 00:00:00,50,50,object1
作業の段取り替え検証手順書_20230702.doc,2,,,15,165,,完了,,作業の段取り替え検証手順書,,,8.5.1.3,2023-05-28 00:00:00,2023-05-28 00:00:00,2023-05-28 00:00:00,50,50,object1
工程能力評価手順書_HH-1008.doc,2,,,15,164,,完了,,工程能力評価手順書,,,9.1.1.1,2023-05-28 00:00:00,2023-05-28 00:00:00,2023-05-28 00:00:00,50,50,object1
測定システム解析手順書_HH-1002.doc,2,,,15,167,,完了,,測定システム解析手順書,,,7.1.5.1.1,2023-05-28 00:00:00,2023-05-28 00:00:00,2023-05-28 00:00:00,50,50,object1
内部試験所管理手順書_HH-1003.doc,2,,,15,171,,完了,,内部試験所管理手順書,,,7.1.5.3.1,2023-05-28 00:00:00,2023-05-28 00:00:00,2023-05-28 00:00:00,50,50,object1
内部試験所管理手順書付表1 .xlsx,2,,,15,171,,完了,,内部試験所管理手順書付表1,,,7.1.5.3.1,2023-05-28 00:00:00,2023-05-28 00:00:00,2023-05-28 00:00:00,50,50,object1
生産用治工具管理手順書_HH-XXXX.doc,2,,,15,166,,完了,,生産用治工具管理手順書,,,8.5.1.6,2023-05-28 00:00:00,2023-05-28 00:00:00,2023-05-28 00:00:00,50,50,object1
特殊特性等設定・管理手順書_HH-1006.doc,2,,,15,168,,完了,,特殊特性等設定・管理手順書,,,8.3.3.3,2023-05-28 00:00:00,2023-05-28 00:00:00,2023-05-28 00:00:00,50,50,object1
PPAP手順書_HH-1007.doc,2,,,15,176,,完了,,PPAP手順書,,,8.3.4.4,2023-05-28 00:00:00,2023-05-28 00:00:00,2023-05-28 00:00:00,50,50,object1
コントロールプラン作成手順書_HH-1014.doc,2,,,15,332,,完了,,コントロールプラン作成手順書,,,8.5.1.1,2023-05-28 00:00:00,2023-05-28 00:00:00,2023-05-28 00:00:00,50,50,object1
APQP手順書_HH-1005.doc,2,,,15,175,,完了,,APQP手順書,,,8.5.2.1,2023-05-28 00:00:00,2023-05-28 00:00:00,2023-05-28 00:00:00,50,50,object1
管理図作成・管理手順書_HH-1009.doc,2,,,15,333,,完了,,管理図作成・管理手順書,,,8.5.2.1,2023-05-28 00:00:00,2023-05-28 00:00:00,2023-05-28 00:00:00,50,50,object1
工程FMEA実施手順書_HH-1001.doc,2,,,15,334,,完了,,工程FMEA実施手順書,,,8.3.5.2,2023-05-28 00:00:00,2023-05-28 00:00:00,2023-05-28 00:00:00,50,50,object1
代替工程管理規手順書.xlsx,2,,,15,336,,完了,,代替工程管理規手順書,,,8.5.6.1.1,2023-05-28 00:00:00,2023-05-28 00:00:00,2023-05-28 00:00:00,50,50,object1
作業の段取り替え検証手順書_20230702.doc,2,,,15,337,,完了,,作業の段取り替え検証手順書,,,8.5.6.1.1,2023-05-28 00:00:00,2023-05-28 00:00:00,2023-05-28 00:00:00,50,50,object1
供給者品質監査手順書_HH-XXXX.doc,2,,,15,338,,完了,,供給者品質監査手順書,,,8.4.2.4,2023-05-28 00:00:00,2023-05-28 00:00:00,2023-05-28 00:00:00,50,50,object1
②IATF-Rules-SIs_August2020-Japanese.pdf,3,,,32,331,,完了,,②IATF-Rules-SIs_August2020-Japanese,,, ,2023-05-28 00:00:00,2023-05-28 00:00:00,2023-05-28 00:00:00,50,50,object1
④IATF-16949-FAQs_Oct2019-ja.pdf,3,,,32,331,,完了,,④IATF-16949-FAQs_Oct2019-ja,,, ,2023-05-28 00:00:00,2023-05-28 00:00:00,2023-05-28 00:00:00,50,50,object1
⑥FMEA Failure Mode and Effects Analysis.ppt,3,,,32,331,,完了,,⑥FMEA Failure Mode and Effects Analysis,,,8.3.5.2,2023-05-28 00:00:00,2023-05-28 00:00:00,2023-05-28 00:00:00,50,50,object1
⑧ISO19011マネジメントシステム監査のための指針概要.pdf,3,,,32,331,,完了,,⑧ISO19011マネジメントシステム監査のための指針概要,,, ,2023-05-28 00:00:00,2023-05-28 00:00:00,2023-05-28 00:00:00,50,50,object1
⑦IATF16949内部監査の進め方.pdf,3,,,32,331,,完了,,⑦IATF16949内部監査の進め方,,,9.2.1,2023-05-28 00:00:00,2023-05-28 00:00:00,2023-05-28 00:00:00,50,50,object1
NU1001P16_PM7XHA接着剤抜き型Ｄ.R会議議事録.xls,1,NU1001-P16,PM7XHA,10,112,,完了,,NU1001P16_PM7XHA接着剤抜き型Ｄ.R会議議事録,,,  ,2023-05-28 00:00:00,2023-05-28 00:00:00,2023-05-28 00:00:00,50,50,object1
NU1001P16_PM7XHA接着剤抜き型設計計画書.xls,1,NU1001-P16,PM7XHA,10,105,,完了,,NU1001P16_PM7XHA接着剤抜き型設計計画書,,,  ,2023-05-28 00:00:00,2023-05-28 00:00:00,2023-05-28 00:00:00,50,50,object1
NU1001P16_PM7XHA接着剤抜き型設計検証チェックリスト.xls,1,NU1001-P16,PM7XHA,10,106,,完了,,NU1001P16_PM7XHA接着剤抜き型設計検証チェックリスト,,,  ,2023-05-28 00:00:00,2023-05-28 00:00:00,2023-05-28 00:00:00,50,50,object1
NU1001P17_PM7WYA接着剤抜き型Ｄ.R会議議事録.xls,1,NU1001-P17,PM7WYA,10,112,,完了,,NU1001P17_PM7WYA接着剤抜き型Ｄ.R会議議事録,,,  ,2023-05-28 00:00:00,2023-05-28 00:00:00,2023-05-28 00:00:00,50,50,object1
NU1001P17_PM7WYA接着剤抜き型設計計画書.xls,1,NU1001-P17,PM7WYA,10,105,,完了,,NU1001P17_PM7WYA接着剤抜き型設計計画書,,,  ,2023-05-28 00:00:00,2023-05-28 00:00:00,2023-05-28 00:00:00,50,50,object1
NU1001P17_PM7WYA接着剤抜き型設計検証チェックリスト.xls,1,NU1001-P17,PM7WYA,10,106,,完了,,NU1001P17_PM7WYA接着剤抜き型設計検証チェックリスト,,,  ,2023-05-28 00:00:00,2023-05-28 00:00:00,2023-05-28 00:00:00,50,50,object1
NU1292-P16_(MEK)設計計画書（総抜き型）.xls,1,NU1292-P16,PM8SKA,10,105,,完了,,NU1292-P16_(MEK)設計計画書（総抜き型）,,,  ,2023-05-28 00:00:00,2023-05-28 00:00:00,2023-05-28 00:00:00,50,50,object1
NU1292-P16_PM8SKA_Ｄ.R会議議事録.xls,1,NU1292-P16,PM8SKA,10,112,,完了,,NU1292-P16_PM8SKA_Ｄ.R会議議事録,,,  ,2023-05-28 00:00:00,2023-05-28 00:00:00,2023-05-28 00:00:00,50,50,object1
NU1292-P16_PM8SKA妥当性確認記録.pdf,1,NU1292-P16,PM8SKA,10,108,,完了,,NU1292-P16_PM8SKA妥当性確認記録,,,  ,2023-05-28 00:00:00,2023-05-28 00:00:00,2023-05-28 00:00:00,50,50,object1
NU1292-P16_設計検証チェックリスト（総抜き型）.xls,1,NU1292-P16,PM8SKA,10,106,,完了,,NU1292-P16_設計検証チェックリスト（総抜き型）,,,  ,2023-05-28 00:00:00,2023-05-28 00:00:00,2023-05-28 00:00:00,50,50,object1
NU1292-P16_設計変更会議議事録（総抜き型）.xls,1,NU1292-P16,PM8SKA,10,107,,完了,,NU1292-P16_設計変更会議議事録（総抜き型）,,,  ,2023-05-28 00:00:00,2023-05-28 00:00:00,2023-05-28 00:00:00,50,50,object1
NU1292-P17_(MEK)設計計画書（総抜き型）.xls,1,NU1292-P17,PM8SLA,10,105,,完了,,NU1292-P17_(MEK)設計計画書（総抜き型）,,,  ,2023-05-28 00:00:00,2023-05-28 00:00:00,2023-05-28 00:00:00,50,50,object1
NU1292-P17_PM8SLA_Ｄ.R会議議事録.xls,1,NU1292-P17,PM8SLA,10,112,,完了,,NU1292-P17_PM8SLA_Ｄ.R会議議事録,,,  ,2023-05-28 00:00:00,2023-05-28 00:00:00,2023-05-28 00:00:00,50,50,object1
NU1292-P17_PM8SLA妥当性確認記録.pdf,1,NU1292-P17,PM8SLA,10,108,,完了,,NU1292-P17_PM8SLA妥当性確認記録,,,  ,2023-05-28 00:00:00,2023-05-28 00:00:00,2023-05-28 00:00:00,50,50,object1
NU1292-P17_設計検証チェックリスト（総抜き型）.xls,1,NU1292-P17,PM8SLA,10,106,,完了,,NU1292-P17_設計検証チェックリスト（総抜き型）,,,  ,2023-05-28 00:00:00,2023-05-28 00:00:00,2023-05-28 00:00:00,50,50,object1
NU1292-P17_設計変更会議議事録（総抜き型）.xls,1,NU1292-P17,PM8SLA,10,107,,完了,,NU1292-P17_設計変更会議議事録（総抜き型）,,,  ,2023-05-28 00:00:00,2023-05-28 00:00:00,2023-05-28 00:00:00,50,50,object1
NU1293-P16_PM8T1A_(MEK)設計計画書（総抜き型）.xls,1,NU1293-P16,,10,105,,完了,,NU1293-P16_PM8T1A_(MEK)設計計画書（総抜き型）,,,  ,2023-05-28 00:00:00,2023-05-28 00:00:00,2023-05-28 00:00:00,50,50,object1
NU1293-P16_PM8T1A_Ｄ.R会議議事録.xls,1,NU1293-P16,PM8T1A,10,112,,完了,,NU1293-P16_PM8T1A_Ｄ.R会議議事録,,,  ,2023-05-28 00:00:00,2023-05-28 00:00:00,2023-05-28 00:00:00,50,50,object1
NU1293-P16_PM8T1A_設計検証チェックリスト（総抜き型）.xls,1,NU1293-P16,PM8T1A,10,106,,完了,,NU1293-P16_PM8T1A_設計検証チェックリスト（総抜き型）,,,  ,2023-05-28 00:00:00,2023-05-28 00:00:00,2023-05-28 00:00:00,50,50,object1
NU1293-P16_PM8T1A_設計変更会議議事録（総抜き型）.xls,1,NU1293-P16,PM8T1A,10,107,,完了,,NU1293-P16_PM8T1A_設計変更会議議事録（総抜き型）,,,  ,2023-05-28 00:00:00,2023-05-28 00:00:00,2023-05-28 00:00:00,50,50,object1
NU1293-P16_PM8T1A_妥当性確認記録.pdf,1,NU1293-P16,PM8T1A,10,108,,完了,,NU1293-P16_PM8T1A_妥当性確認記録,,,  ,2023-05-28 00:00:00,2023-05-28 00:00:00,2023-05-28 00:00:00,50,50,object1
NU1293-P17_PM8T2A_(MEK)設計計画書（総抜き型）.xls,1,NU1293-P17,PM8T2A,10,105,,完了,,NU1293-P17_PM8T2A_(MEK)設計計画書（総抜き型）,,,  ,2023-05-28 00:00:00,2023-05-28 00:00:00,2023-05-28 00:00:00,50,50,object1
NU1293-P17_PM8T2A_Ｄ.R会議議事録.xls,1,NU1293-P17,PM8T2A,10,112,,完了,,NU1293-P17_PM8T2A_Ｄ.R会議議事録,,,  ,2023-05-28 00:00:00,2023-05-28 00:00:00,2023-05-28 00:00:00,50,50,object1
NU1293-P17_PM8T2A_設計検証チェックリスト（総抜き型）.xls,1,NU1293-P17,PM8T2A,10,106,,完了,,NU1293-P17_PM8T2A_設計検証チェックリスト（総抜き型）,,,  ,2023-05-28 00:00:00,2023-05-28 00:00:00,2023-05-28 00:00:00,50,50,object1
NU1293-P17_PM8T2A_設計変更会議議事録（総抜き型）.xls,1,NU1293-P17,PM8T2A,10,107,,完了,,NU1293-P17_PM8T2A_設計変更会議議事録（総抜き型）,,,  ,2023-05-28 00:00:00,2023-05-28 00:00:00,2023-05-28 00:00:00,50,50,object1
NU1293-P17_PM8T2A_妥当性確認記録.pdf,1,NU1293-P17,PM8T2A,10,108,,完了,,NU1293-P17_PM8T2A_妥当性確認記録,,,  ,2023-05-28 00:00:00,2023-05-28 00:00:00,2023-05-28 00:00:00,50,50,object1
NU1294-P12_PM8SQA_(MEK)設計計画書（総抜き型）.xls,1,NU1294-P12,PM8SQA,10,105,,完了,,NU1294-P12_PM8SQA_(MEK)設計計画書（総抜き型）,,,  ,2023-05-28 00:00:00,2023-05-28 00:00:00,2023-05-28 00:00:00,50,50,object1
NU1294-P12_PM8SQA_Ｄ.R会議議事録.xls,1,NU1294-P12,PM8SQA,10,112,,完了,,NU1294-P12_PM8SQA_Ｄ.R会議議事録,,,  ,2023-05-28 00:00:00,2023-05-28 00:00:00,2023-05-28 00:00:00,50,50,object1
NU1294-P12_PM8SQA_設計検証チェックリスト（総抜き型）.xls,1,NU1294-P12,PM8SQA,10,106,,完了,,NU1294-P12_PM8SQA_設計検証チェックリスト（総抜き型）,,,  ,2023-05-28 00:00:00,2023-05-28 00:00:00,2023-05-28 00:00:00,50,50,object1
NU1294-P12_PM8SQA_設計変更会議議事録（総抜き型）.xls,1,NU1294-P12,PM8SQA,10,107,,完了,,NU1294-P12_PM8SQA_設計変更会議議事録（総抜き型）,,,  ,2023-05-28 00:00:00,2023-05-28 00:00:00,2023-05-28 00:00:00,50,50,object1
NU1294-P12_PM8SQA_妥当性確認記録.pdf,1,NU1294-P12,PM8SQA,10,108,,完了,,NU1294-P12_PM8SQA_妥当性確認記録,,,  ,2023-05-28 00:00:00,2023-05-28 00:00:00,2023-05-28 00:00:00,50,50,object1
NU1294-P13_PM8SRA_(MEK)設計計画書（総抜き型）.xls,1,NU1294-P13,PM8SRA,10,105,,完了,,NU1294-P13_PM8SRA_(MEK)設計計画書（総抜き型）,,,  ,2023-05-28 00:00:00,2023-05-28 00:00:00,2023-05-28 00:00:00,50,50,object1
NU1294-P13_PM8SRA_Ｄ.R会議議事録.xls,1,NU1294-P13,PM8SRA,10,112,,完了,,NU1294-P13_PM8SRA_Ｄ.R会議議事録,,,  ,2023-05-28 00:00:00,2023-05-28 00:00:00,2023-05-28 00:00:00,50,50,object1
NU1294-P13_PM8SRA_設計検証チェックリスト（総抜き型）.xls,1,NU1294-P13,PM8SRA,10,106,,完了,,NU1294-P13_PM8SRA_設計検証チェックリスト（総抜き型）,,,  ,2023-05-28 00:00:00,2023-05-28 00:00:00,2023-05-28 00:00:00,50,50,object1
NU1294-P13_PM8SRA_設計変更会議議事録（総抜き型）.xls,1,NU1294-P13,PM8SRA,10,107,,完了,,NU1294-P13_PM8SRA_設計変更会議議事録（総抜き型）,,,  ,2023-05-28 00:00:00,2023-05-28 00:00:00,2023-05-28 00:00:00,50,50,object1
NU1294-P13_PM8SRA_妥当性確認記録.pdf,1,NU1294-P13,PM8SRA,10,108,,完了,,NU1294-P13_PM8SRA_妥当性確認記録,,,  ,2023-05-28 00:00:00,2023-05-28 00:00:00,2023-05-28 00:00:00,50,50,object1
NU1294-P14_PM8SSA_(MEK)設計計画書（総抜き型）.xls,1,NU1294-P14,PM8SSA,10,105,,完了,,NU1294-P14_PM8SSA_(MEK)設計計画書（総抜き型）,,,  ,2023-05-28 00:00:00,2023-05-28 00:00:00,2023-05-28 00:00:00,50,50,object1
NU1294-P14_PM8SSA_Ｄ.R会議議事録.xls,1,NU1294-P14,PM8SSA,10,112,,完了,,NU1294-P14_PM8SSA_Ｄ.R会議議事録,,,  ,2023-05-28 00:00:00,2023-05-28 00:00:00,2023-05-28 00:00:00,50,50,object1
NU1294-P14_PM8SSA_設計検証チェックリスト（総抜き型）.xls,1,NU1294-P14,PM8SSA,10,106,,完了,,NU1294-P14_PM8SSA_設計検証チェックリスト（総抜き型）,,,  ,2023-05-28 00:00:00,2023-05-28 00:00:00,2023-05-28 00:00:00,50,50,object1
NU1294-P14_PM8SSA_設計変更会議議事録（総抜き型）.xls,1,NU1294-P14,PM8SSA,10,107,,完了,,NU1294-P14_PM8SSA_設計変更会議議事録（総抜き型）,,,  ,2023-05-28 00:00:00,2023-05-28 00:00:00,2023-05-28 00:00:00,50,50,object1
NU1294-P14_PM8SSA_妥当性確認記録.pdf,1,NU1294-P14,PM8SSA,10,108,,完了,,NU1294-P14_PM8SSA_妥当性確認記録,,,  ,2023-05-28 00:00:00,2023-05-28 00:00:00,2023-05-28 00:00:00,50,50,object1
NU1294-P15_PM8STA_(MEK)設計計画書（総抜き型）.xls,1,NU1294-P15,PM8STA,10,105,,完了,,NU1294-P15_PM8STA_(MEK)設計計画書（総抜き型）,,,  ,2023-05-28 00:00:00,2023-05-28 00:00:00,2023-05-28 00:00:00,50,50,object1
NU1294-P15_PM8STA_Ｄ.R会議議事録.xls,1,NU1294-P15,PM8STA,10,112,,完了,,NU1294-P15_PM8STA_Ｄ.R会議議事録,,,  ,2023-05-28 00:00:00,2023-05-28 00:00:00,2023-05-28 00:00:00,50,50,object1
NU1294-P15_PM8STA_設計検証チェックリスト（総抜き型）.xls,1,NU1294-P15,PM8STA,10,106,,完了,,NU1294-P15_PM8STA_設計検証チェックリスト（総抜き型）,,,  ,2023-05-28 00:00:00,2023-05-28 00:00:00,2023-05-28 00:00:00,50,50,object1
NU1294-P15_PM8STA_設計変更会議議事録（総抜き型）.xls,1,NU1294-P15,PM8STA,10,107,,完了,,NU1294-P15_PM8STA_設計変更会議議事録（総抜き型）,,,  ,2023-05-28 00:00:00,2023-05-28 00:00:00,2023-05-28 00:00:00,50,50,object1
NU1294-P15_PM8STA_妥当性確認記録.pdf,1,NU1294-P15,PM8STA,10,108,,完了,,NU1294-P15_PM8STA_妥当性確認記録,,,  ,2023-05-28 00:00:00,2023-05-28 00:00:00,2023-05-28 00:00:00,50,50,object1
NU1295-P12_PM8T7A_(MEK)設計計画書（総抜き型）.xls,1,NU1295-P12,PM8T7A,10,105,,完了,,NU1295-P12_PM8T7A_(MEK)設計計画書（総抜き型）,,,  ,2023-05-28 00:00:00,2023-05-28 00:00:00,2023-05-28 00:00:00,50,50,object1
NU1295-P12_PM8T7A_Ｄ.R会議議事録.xls,1,NU1295-P12,PM8T7A,10,112,,完了,,NU1295-P12_PM8T7A_Ｄ.R会議議事録,,,  ,2023-05-28 00:00:00,2023-05-28 00:00:00,2023-05-28 00:00:00,50,50,object1
NU1295-P12_PM8T7A_設計検証チェックリスト（総抜き型）.xls,1,NU1295-P12,PM8T7A,10,106,,完了,,NU1295-P12_PM8T7A_設計検証チェックリスト（総抜き型）,,,  ,2023-05-28 00:00:00,2023-05-28 00:00:00,2023-05-28 00:00:00,50,50,object1
NU1295-P12_PM8T7A_設計変更会議議事録（総抜き型）.xls,1,NU1295-P12,PM8T7A,10,107,,完了,,NU1295-P12_PM8T7A_設計変更会議議事録（総抜き型）,,,  ,2023-05-28 00:00:00,2023-05-28 00:00:00,2023-05-28 00:00:00,50,50,object1
NU1295-P12_PM8T7A_妥当性確認記録.pdf,1,NU1295-P12,PM8T7A,10,108,,完了,,NU1295-P12_PM8T7A_妥当性確認記録,,,  ,2023-05-28 00:00:00,2023-05-28 00:00:00,2023-05-28 00:00:00,50,50,object1
NU1295-P13_PM8T8A_(MEK)設計計画書（総抜き型）.xls,1,NU1295-P13,PM8T8A,10,105,,完了,,NU1295-P13_PM8T8A_(MEK)設計計画書（総抜き型）,,,  ,2023-05-28 00:00:00,2023-05-28 00:00:00,2023-05-28 00:00:00,50,50,object1
NU1295-P13_PM8T8A_Ｄ.R会議議事録.xls,1,NU1295-P13,PM8T8A,10,112,,完了,,NU1295-P13_PM8T8A_Ｄ.R会議議事録,,,  ,2023-05-28 00:00:00,2023-05-28 00:00:00,2023-05-28 00:00:00,50,50,object1
NU1295-P13_PM8T8A_設計検証チェックリスト（総抜き型）.xls,1,NU1295-P13,PM8T8A,10,106,,完了,,NU1295-P13_PM8T8A_設計検証チェックリスト（総抜き型）,,,  ,2023-05-28 00:00:00,2023-05-28 00:00:00,2023-05-28 00:00:00,50,50,object1
NU1295-P13_PM8T8A_設計変更会議議事録（総抜き型）.xls,1,NU1295-P13,PM8T8A,10,107,,完了,,NU1295-P13_PM8T8A_設計変更会議議事録（総抜き型）,,,  ,2023-05-28 00:00:00,2023-05-28 00:00:00,2023-05-28 00:00:00,50,50,object1
NU1295-P13_PM8T8A_妥当性確認記録.pdf,1,NU1295-P13,PM8T8A,10,108,,完了,,NU1295-P13_PM8T8A_妥当性確認記録,,,  ,2023-05-28 00:00:00,2023-05-28 00:00:00,2023-05-28 00:00:00,50,50,object1
NU1295-P14_PM8T9A_(MEK)設計計画書（総抜き型）.xls,1,NU1295-P14,PM8T9A,10,105,,完了,,NU1295-P14_PM8T9A_(MEK)設計計画書（総抜き型）,,,  ,2023-05-28 00:00:00,2023-05-28 00:00:00,2023-05-28 00:00:00,50,50,object1
NU1295-P14_PM8T9A_Ｄ.R会議議事録.xls,1,NU1295-P14,PM8T9A,10,112,,完了,,NU1295-P14_PM8T9A_Ｄ.R会議議事録,,,  ,2023-05-28 00:00:00,2023-05-28 00:00:00,2023-05-28 00:00:00,50,50,object1
NU1295-P14_PM8T9A_設計検証チェックリスト（総抜き型）.xls,1,NU1295-P14,PM8T9A,10,106,,完了,,NU1295-P14_PM8T9A_設計検証チェックリスト（総抜き型）,,,  ,2023-05-28 00:00:00,2023-05-28 00:00:00,2023-05-28 00:00:00,50,50,object1
NU1295-P14_PM8T9A_設計変更会議議事録（総抜き型）.xls,1,NU1295-P14,PM8T9A,10,107,,完了,,NU1295-P14_PM8T9A_設計変更会議議事録（総抜き型）,,,  ,2023-05-28 00:00:00,2023-05-28 00:00:00,2023-05-28 00:00:00,50,50,object1
NU1295-P14_PM8T9A_妥当性確認記録.pdf,1,NU1295-P14,PM8T9A,10,108,,完了,,NU1295-P14_PM8T9A_妥当性確認記録,,,  ,2023-05-28 00:00:00,2023-05-28 00:00:00,2023-05-28 00:00:00,50,50,object1
NU1295-P15_PM8TAA_(MEK)設計計画書（総抜き型）.xls,1,NU1295-P15,PM8TAA,10,105,,完了,,NU1295-P15_PM8TAA_(MEK)設計計画書（総抜き型）,,,  ,2023-05-28 00:00:00,2023-05-28 00:00:00,2023-05-28 00:00:00,50,50,object1
NU1295-P15_PM8TAA_Ｄ.R会議議事録.xls,1,NU1295-P15,PM8TAA,10,112,,完了,,NU1295-P15_PM8TAA_Ｄ.R会議議事録,,,  ,2023-05-28 00:00:00,2023-05-28 00:00:00,2023-05-28 00:00:00,50,50,object1
NU1295-P15_PM8TAA_設計検証チェックリスト（総抜き型）.xls,1,NU1295-P15,PM8TAA,10,106,,完了,,NU1295-P15_PM8TAA_設計検証チェックリスト（総抜き型）,,,  ,2023-05-28 00:00:00,2023-05-28 00:00:00,2023-05-28 00:00:00,50,50,object1
NU1295-P15_PM8TAA_設計変更会議議事録（総抜き型）.xls,1,NU1295-P15,PM8TAA,10,107,,完了,,NU1295-P15_PM8TAA_設計変更会議議事録（総抜き型）,,,  ,2023-05-28 00:00:00,2023-05-28 00:00:00,2023-05-28 00:00:00,50,50,object1
NU1295-P15_PM8TAA_妥当性確認記録.pdf,1,NU1295-P15,PM8TAA,10,108,,完了,,NU1295-P15_PM8TAA_妥当性確認記録,,,  ,2023-05-28 00:00:00,2023-05-28 00:00:00,2023-05-28 00:00:00,50,50,object1
NZDYP8-P43_(MEK)設計計画書（総抜き型）.xls,1,NZDYP8-P43,,10,105,,完了,,NZDYP8-P43_(MEK)設計計画書（総抜き型）,,,  ,2023-05-28 00:00:00,2023-05-28 00:00:00,2023-05-28 00:00:00,50,50,object1
NZDYP8-P43_Ｄ.R会議議事録.xls,1,NZDYP8-P43,,10,112,,完了,,NZDYP8-P43_Ｄ.R会議議事録,,,  ,2023-05-28 00:00:00,2023-05-28 00:00:00,2023-05-28 00:00:00,50,50,object1
NZDYP8-P43_設計検証チェックリスト（総抜き型）.xls,1,NZDYP8-P43,,10,106,,完了,,NZDYP8-P43_設計検証チェックリスト（総抜き型）,,,  ,2023-05-28 00:00:00,2023-05-28 00:00:00,2023-05-28 00:00:00,50,50,object1
NZDYP8-P43_設計変更会議議事録（総抜き型）.xls,1,NZDYP8-P43,,10,107,,完了,,NZDYP8-P43_設計変更会議議事録（総抜き型）,,,  ,2023-05-28 00:00:00,2023-05-28 00:00:00,2023-05-28 00:00:00,50,50,object1
NZDYP8-P43_妥当性確認記録.pdf,1,NZDYP8-P43,,10,108,,完了,,NZDYP8-P43_妥当性確認記録,,,  ,2023-05-28 00:00:00,2023-05-28 00:00:00,2023-05-28 00:00:00,50,50,object1
NZDYP8-P50_Busbar順送型設計計画書.xls,1,NZDYP8-P50,,10,105,,完了,,NZDYP8-P50_Busbar順送型設計計画書,,,  ,2023-05-28 00:00:00,2023-05-28 00:00:00,2023-05-28 00:00:00,50,50,object1
NZDYP8-P50_Busbar順送型Ｄ.R会議議事録.xls,1,NZDYP8-P50,,10,112,,完了,,NZDYP8-P50_Ｄ.R会議議事録,,,  ,2023-05-28 00:00:00,2023-05-28 00:00:00,2023-05-28 00:00:00,50,50,object1
NZDYP8-P50_Busbar順送型設計検証チェックリスト.xls,1,NZDYP8-P50,,10,106,,完了,,NZDYP8-P50_設計検証チェックリスト,,,  ,2023-05-28 00:00:00,2023-05-28 00:00:00,2023-05-28 00:00:00,50,50,object1
NZDYP8-P50_Busbar順送型設計変更会議議事録.xls,1,NZDYP8-P50,,10,107,,完了,,NZDYP8-P50_Busbar順送型設計変更会議議事録,,,  ,2023-05-28 00:00:00,2023-05-28 00:00:00,2023-05-28 00:00:00,50,50,object1
NZDYP8-P50_Busbar順送型妥当性確認記録.pdf,1,NZDYP8-P50,,10,108,,完了,,NZDYP8-P50_Busbar順送型妥当性確認記録,,,  ,2023-05-28 00:00:00,2023-05-28 00:00:00,2023-05-28 00:00:00,50,50,object1
NT3280-P10_設計計画書（プレス）.xls,1,NT3280-P10,,10,105,,完了,,NT3280-P10_設計計画書（プレス）,,,  ,2023-05-28 00:00:00,2023-05-28 00:00:00,2023-05-28 00:00:00,50,50,object1
NT3280-P10_Ｄ.R会議議事録(プレス)2020.xls,1,NT3280-P10,,10,112,,完了,,NT3280-P10_Ｄ.R会議議事録,,,  ,2023-05-28 00:00:00,2023-05-28 00:00:00,2023-05-28 00:00:00,50,50,object1
NT3280-P10_設計検証チェックリスト(プレス).xls,1,NT3280-P10,,10,106,,完了,,NT3280-P10_設計検証チェックリスト（プレス）,,,  ,2023-05-28 00:00:00,2023-05-28 00:00:00,2023-05-28 00:00:00,50,50,object1
NT3280-P10_設計変更会議議事録(プレス).xls,1,NT3280-P10,,10,107,,完了,,NT3280-P10_設計変更会議議事録（プレス）,,,  ,2023-05-28 00:00:00,2023-05-28 00:00:00,2023-05-28 00:00:00,50,50,object1
NT3280-P11_設計計画書（プレス）.xls,1,NT3280-P11,,10,105,,完了,,NT3280-P11_設計計画書（プレス）,,,  ,2023-05-28 00:00:00,2023-05-28 00:00:00,2023-05-28 00:00:00,50,50,object1
NT3280-P11_Ｄ.R会議議事録(プレス)2020.xls,1,NT3280-P11,,10,112,,完了,,NT3280-P11_Ｄ.R会議議事録,,,  ,2023-05-28 00:00:00,2023-05-28 00:00:00,2023-05-28 00:00:00,50,50,object1
NT3280-P11_設計検証チェックリスト(プレス).xls,1,NT3280-P11,,10,106,,完了,,NT3280-P11_設計検証チェックリスト（プレス）,,,  ,2023-05-28 00:00:00,2023-05-28 00:00:00,2023-05-28 00:00:00,50,50,object1
NT3280-P11_設計変更会議議事録(プレス).xls,1,NT3280-P11,,10,107,,完了,,NT3280-P11_設計変更会議議事録（プレス）,,,  ,2023-05-28 00:00:00,2023-05-28 00:00:00,2023-05-28 00:00:00,50,50,object1
NT3280-P12_設計計画書（プレス）.xls,1,NT3280-P12,,10,105,,完了,,NT3280-P12_設計計画書（プレス）,,,  ,2023-05-28 00:00:00,2023-05-28 00:00:00,2023-05-28 00:00:00,50,50,object1
NT3280-P12_Ｄ.R会議議事録(プレス)2020.xls,1,NT3280-P12,,10,112,,完了,,NT3280-P12_Ｄ.R会議議事録,,,  ,2023-05-28 00:00:00,2023-05-28 00:00:00,2023-05-28 00:00:00,50,50,object1
NT3280-P12_設計検証チェックリスト(プレス).xls,1,NT3280-P12,,10,106,,完了,,NT3280-P12_設計検証チェックリスト（プレス）,,,  ,2023-05-28 00:00:00,2023-05-28 00:00:00,2023-05-28 00:00:00,50,50,object1
NT3280-P12_設計変更会議議事録(プレス).xls,1,NT3280-P12,,10,107,,完了,,NT3280-P12_設計変更会議議事録（プレス）,,,  ,2023-05-28 00:00:00,2023-05-28 00:00:00,2023-05-28 00:00:00,50,50,object1
NT3280-P13_設計計画書（プレス）.xls,1,NT3280-P13,,10,105,,完了,,NT3280-P13_設計計画書（プレス）,,,  ,2023-05-28 00:00:00,2023-05-28 00:00:00,2023-05-28 00:00:00,50,50,object1
NT3280-P13_Ｄ.R会議議事録(プレス)2020.xls,1,NT3280-P13,,10,112,,完了,,NT3280-P13_Ｄ.R会議議事録,,,  ,2023-05-28 00:00:00,2023-05-28 00:00:00,2023-05-28 00:00:00,50,50,object1
NT3280-P13_設計検証チェックリスト(プレス).xls,1,NT3280-P13,,10,106,,完了,,NT3280-P13_設計検証チェックリスト(プレス),,,  ,2023-05-28 00:00:00,2023-05-28 00:00:00,2023-05-28 00:00:00,50,50,object1
NT3280-P13_設計変更会議議事録(プレス).xls,1,NT3280-P13,,10,107,,完了,,NT3280-P13_設計変更会議議事録（プレス）,,,  ,2023-05-28 00:00:00,2023-05-28 00:00:00,2023-05-28 00:00:00,50,50,object1
NT3280-P14_設計計画書（プレス）.xls,1,NT3280-P14,,10,105,,完了,,NT3280-P14_設計計画書（プレス）,,,  ,2023-05-28 00:00:00,2023-05-28 00:00:00,2023-05-28 00:00:00,50,50,object1
NT3280-P14_Ｄ.R会議議事録(プレス)2020.xls,1,NT3280-P14,,10,112,,完了,,NT3280-P14_Ｄ.R会議議事録,,,  ,2023-05-28 00:00:00,2023-05-28 00:00:00,2023-05-28 00:00:00,50,50,object1
NT3280-P14_設計検証チェックリスト(プレス).xls,1,NT3280-P14,,10,106,,完了,,NT3280-P14_設計検証チェックリスト（プレス）,,,  ,2023-05-28 00:00:00,2023-05-28 00:00:00,2023-05-28 00:00:00,50,50,object1
NT3280-P14_設計変更会議議事録(プレス).xls,1,NT3280-P14,,10,107,,完了,,NT3280-P14_設計変更会議議事録（プレス）,,,  ,2023-05-28 00:00:00,2023-05-28 00:00:00,2023-05-28 00:00:00,50,50,object1
NT3280-P15_設計計画書（プレス）.xls,1,NT3280-P15,,10,105,,完了,,NT3280-P15_設計計画書（プレス）,,,  ,2023-05-28 00:00:00,2023-05-28 00:00:00,2023-05-28 00:00:00,50,50,object1
NT3280-P15_Ｄ.R会議議事録(プレス)2020.xls,1,NT3280-P15,,10,112,,完了,,NT3280-P15_Ｄ.R会議議事録,,,  ,2023-05-28 00:00:00,2023-05-28 00:00:00,2023-05-28 00:00:00,50,50,object1
NT3280-P15_設計検証チェックリスト(プレス).xls,1,NT3280-P15,,10,106,,完了,,NT3280-P15_設計検証チェックリスト（プレス）,,,  ,2023-05-28 00:00:00,2023-05-28 00:00:00,2023-05-28 00:00:00,50,50,object1
NT3280-P15_設計変更会議議事録（プレス).xls,1,NT3280-P15,,10,107,,完了,,NT3280-P15_設計変更会議議事録（プレス）,,,  ,2023-05-28 00:00:00,2023-05-28 00:00:00,2023-05-28 00:00:00,50,50,object1
NT3285-P15_設計計画書（プレス）.xls,1,NT3285-P15,,10,105,,完了,,NT3285-P15_設計計画書（プレス）,,,  ,2023-05-28 00:00:00,2023-05-28 00:00:00,2023-05-28 00:00:00,50,50,object1
NT3285-P15_Ｄ.R会議議事録(プレス)2020.xls,1,NT3285-P15,,10,112,,完了,,NT3285-P15_Ｄ.R会議議事録,,,  ,2023-05-28 00:00:00,2023-05-28 00:00:00,2023-05-28 00:00:00,50,50,object1
NT3285-P15_設計検証チェックリスト(プレス).xls,1,NT3285-P15,,10,106,,完了,,NT3285-P15_設計検証チェックリスト（プレス）,,,  ,2023-05-28 00:00:00,2023-05-28 00:00:00,2023-05-28 00:00:00,50,50,object1
NT3285-P15_設計変更会議議事録（プレス).xls,1,NT3285-P15,,10,107,,完了,,NT3285-P15_設計変更会議議事録（プレス）,,,  ,2023-05-28 00:00:00,2023-05-28 00:00:00,2023-05-28 00:00:00,50,50,object1
NT3285-P11_設計計画書（プレス）.xls,1,NT3285-P11,,10,105,,完了,,NT3285-P11_設計計画書（プレス）,,,  ,2023-05-28 00:00:00,2023-05-28 00:00:00,2023-05-28 00:00:00,50,50,object1
NT3285-P11_Ｄ.R会議議事録(プレス)2020.xls,1,NT3285-P11,,10,112,,完了,,NT3285-P11_Ｄ.R会議議事録,,,  ,2023-05-28 00:00:00,2023-05-28 00:00:00,2023-05-28 00:00:00,50,50,object1
NT3285-P11_設計検証チェックリスト(プレス).xls,1,NT3285-P11,,10,106,,完了,,NT3285-P11_設計検証チェックリスト（プレス）,,,  ,2023-05-28 00:00:00,2023-05-28 00:00:00,2023-05-28 00:00:00,50,50,object1
NT3285-P11_設計変更会議議事録（プレス).xls,1,NT3285-P11,,10,107,,完了,,NT3285-P11_設計変更会議議事録（プレス）,,,  ,2023-05-28 00:00:00,2023-05-28 00:00:00,2023-05-28 00:00:00,50,50,object1
NT3285-P13_設計計画書（プレス）.xls,1,NT3285-P13,,10,105,,完了,,NT3285-P13_設計計画書（プレス）,,,  ,2023-05-28 00:00:00,2023-05-28 00:00:00,2023-05-28 00:00:00,50,50,object1
NT3285-P13_Ｄ.R会議議事録(プレス)2020.xls,1,NT3285-P13,,10,112,,完了,,NT3285-P13_Ｄ.R会議議事録(プレス),,,  ,2023-05-28 00:00:00,2023-05-28 00:00:00,2023-05-28 00:00:00,50,50,object1
NT3285-P13_設計検証チェックリスト(プレス).xls,1,NT3285-P13,,10,106,,完了,,NT3285-P13_設計検証チェックリスト（プレス）,,,  ,2023-05-28 00:00:00,2023-05-28 00:00:00,2023-05-28 00:00:00,50,50,object1
NT3285-P13_設計変更会議議事録（プレス).xls,1,NT3285-P13,,10,107,,完了,,NT3285-P13_設計変更会議議事録（プレス）,,,  ,2023-05-28 00:00:00,2023-05-28 00:00:00,2023-05-28 00:00:00,50,50,object1
NT3285-P14_設計計画書（プレス）.xls,1,NT3285-P14,,10,105,,完了,,NT3285-P14_設計計画書（プレス）,,,  ,2023-05-28 00:00:00,2023-05-28 00:00:00,2023-05-28 00:00:00,50,50,object1
NT3285-P14_Ｄ.R会議議事録(プレス)2020.xls,1,NT3285-P14,,10,112,,完了,,NT3285-P14_Ｄ.R会議議事録(プレス),,,  ,2023-05-28 00:00:00,2023-05-28 00:00:00,2023-05-28 00:00:00,50,50,object1
NT3285-P14_設計検証チェックリスト(プレス).xls,1,NT3285-P14,,10,106,,完了,,NT3285-P14_設計検証チェックリスト（プレス）,,,  ,2023-05-28 00:00:00,2023-05-28 00:00:00,2023-05-28 00:00:00,50,50,object1
NT3285-P14_設計変更会議議事録（プレス).xls,1,NT3285-P14,,10,107,,完了,,NT3285-P14_設計変更会議議事録（プレス）,,,  ,2023-05-28 00:00:00,2023-05-28 00:00:00,2023-05-28 00:00:00,50,50,object1
NT2394-P43_PM81EB_設計計画書.xls,1,NT2394-P43,PM81EB,10,105,,完了,,NT2394-P43_PM81EB_設計計画書,,,  ,2023-05-28 00:00:00,2023-05-28 00:00:00,2023-05-28 00:00:00,50,50,object1
NT2394-P43_PM81EB_設計検証チェックリスト.xls,1,NT2394-P43,PM81EB,10,106,,完了,,NT2394-P43_PM81EB_設計検証チェックリスト,,,  ,2023-05-28 00:00:00,2023-05-28 00:00:00,2023-05-28 00:00:00,50,50,object1
NT2394-P43_PM81EB_設計変更会議議事録.xls,1,NT2394-P43,PM81EB,10,107,,完了,,NT2394-P43_PM81EB_設計変更会議議事録,,,  ,2023-05-28 00:00:00,2023-05-28 00:00:00,2023-05-28 00:00:00,50,50,object1
NT2394-P43_PM81EB_Ｄ.R_会議議事録.xls,1,NT2394-P43,PM81EB,10,112,,完了,,NT2394-P43_PM81EB_Ｄ.R会議議事録,,,  ,2023-05-28 00:00:00,2023-05-28 00:00:00,2023-05-28 00:00:00,50,50,object1
NT2394-P43_PM81EB_妥当性確認記録.pdf,1,NT2394-P43,PM81EB,10,108,,完了,,NT2394-P43_PM81EB_妥当性確認記録,,,  ,2023-05-28 00:00:00,2023-05-28 00:00:00,2023-05-28 00:00:00,50,50,object1
NT2394-P44_PM81FB_設計計画書.xls,1,NT2394-P44,PM81FB,10,105,,完了,,NT2394-P44_PM81FB_設計計画書,,,  ,2023-05-28 00:00:00,2023-05-28 00:00:00,2023-05-28 00:00:00,50,50,object1
NT2394-P44_PM81FB_設計検証チェックリスト.xls,1,NT2394-P44,PM81FB,10,106,,完了,,NT2394-P44_PM81FB_設計検証チェックリスト,,,  ,2023-05-28 00:00:00,2023-05-28 00:00:00,2023-05-28 00:00:00,50,50,object1
NT2394-P44_PM81FB_設計変更会議議事録.xls,1,NT2394-P44,PM81FB,10,107,,完了,,NT2394-P44_PM81FB_設計変更会議議事録,,,  ,2023-05-28 00:00:00,2023-05-28 00:00:00,2023-05-28 00:00:00,50,50,object1
NT2394-P44_PM81FA_Ｄ.R会議議事録.xls,1,NT2394-P44,PM81FB,10,112,,完了,,NT2394-P44_PM81FB_Ｄ.R会議議事録,,,  ,2023-05-28 00:00:00,2023-05-28 00:00:00,2023-05-28 00:00:00,50,50,object1
NT2394-P44_PM81FB_妥当性確認記録.pdf,1,NT2394-P44,PM81FB,10,108,,完了,,NT2394-P43_PM81EB_妥当性確認記録,,,  ,2023-05-28 00:00:00,2023-05-28 00:00:00,2023-05-28 00:00:00,50,50,object1
NZDYP8-P51_Half-Busbar-A順送型設計計画書.xls,1,NZDYP8-P51,,10,105,,完了,,NZDYP8-P51_Half-Busbar-A順送型設計計画書,,,  ,2023-05-28 00:00:00,2023-05-28 00:00:00,2023-05-28 00:00:00,50,50,object1
NZDYP8-P51_Half-Busbar-A順送型設計検証チェックリスト.xls,1,NZDYP8-P51,,10,106,,完了,,NZDYP8-P51_Half-Busbar-A順送型設計検証チェックリスト,,,  ,2023-05-28 00:00:00,2023-05-28 00:00:00,2023-05-28 00:00:00,50,50,object1
NZDYP8-P51_Half-Busbar-A順送型設計変更会議.xls,1,NZDYP8-P51,,10,107,,完了,,NZDYP8-P51_Half-Busbar-A順送型設計変更会議議事録,,,  ,2023-05-28 00:00:00,2023-05-28 00:00:00,2023-05-28 00:00:00,50,50,object1
NZDYP8-P51_Half-Busbar-A順送型Ｄ.R会議議事録.xls,1,NZDYP8-P51,,10,112,,完了,,NZDYP8-P51_Half-Busbar-A順送型Ｄ.R会議議事録,,,  ,2023-05-28 00:00:00,2023-05-28 00:00:00,2023-05-28 00:00:00,50,50,object1
NZDYP8-P51_Half-Busbar-A順送型妥当性確認記録.pdf,1,NZDYP8-P51,,10,108,,完了,,NZDYP8-P51_Half-Busbar-A順送型妥当性確認記録,,,  ,2023-05-28 00:00:00,2023-05-28 00:00:00,2023-05-28 00:00:00,50,50,object1
NZDYP8-P52_Half-Busbar-B順送型設計計画書.xls,1,NZDYP8-P52,,10,105,,完了,,NZDYP8-P52_Half-Busbar-B順送型設計計画書,,,  ,2023-05-28 00:00:00,2023-05-28 00:00:00,2023-05-28 00:00:00,50,50,object1
NZDYP8-P52_Half-Busbar-B順送型設計検証チェックリスト.xls,1,NZDYP8-P52,,10,106,,完了,,NZDYP8-P52_Half-Busbar-B順送型設計検証チェックリスト,,,  ,2023-05-28 00:00:00,2023-05-28 00:00:00,2023-05-28 00:00:00,50,50,object1
NZDYP8-P52_Half-Busbar-B順送型Ｄ.R会議議事録.xls,1,NZDYP8-P52,,10,112,,完了,,NZDYP8-P52_Half-Busbar-B順送型Ｄ.R会議議事録,,,  ,2023-05-28 00:00:00,2023-05-28 00:00:00,2023-05-28 00:00:00,50,50,object1
NZDYP8-P52_Half-Busbar-B順送型妥当性確認記録.pdf,1,NZDYP8-P52,,10,108,,完了,,NZDYP8-P52_Half-Busbar-B順送型妥当性確認記録,,,  ,2023-05-28 00:00:00,2023-05-28 00:00:00,2023-05-28 00:00:00,50,50,object1
NU1314-P04_PM8UPB_(MEK)設計計画書（総抜き型）.xls,1,NU1314-P04,PM8UPB,10,105,,完了,,NU1314-P04_PM8UPB_(MEK)設計計画書（総抜き型）,,,  ,2023-05-28 00:00:00,2023-05-28 00:00:00,2023-05-28 00:00:00,50,50,object1
NU1314-P04_PM8UPB_設計検証チェックリスト（総抜き型）.xls,1,NU1314-P04,PM8UPB,10,106,,完了,,NU1314-P04_PM8UPB_(MEK)設計検証チェックリスト（総抜き型）,,,  ,2023-05-28 00:00:00,2023-05-28 00:00:00,2023-05-28 00:00:00,50,50,object1
NU1314-P04_PM8UPB_設計変更会議議事録（総抜き型）.xls,1,NU1314-P04,PM8UPB,10,107,,完了,,NU1314-P04_PM8UPB_設計変更会議議事録（総抜き型）,,,  ,2023-05-28 00:00:00,2023-05-28 00:00:00,2023-05-28 00:00:00,50,50,object1
NU1314-P04_PM8UPB_妥当性確認記録（総抜き型）.pdf,1,NU1314-P04,PM8UPB,10,108,,完了,,NU1314-P04_PM8UPB_妥当性確認記録（総抜き型）,,,  ,2023-05-28 00:00:00,2023-05-28 00:00:00,2023-05-28 00:00:00,50,50,object1
NU1314-P04_PM8UPB_Ｄ.R会議議事録.xls,1,NU1314-P04,PM8UPB,10,112,,完了,,NU1314-P04_PM8UPB_Ｄ.R会議議事録（総抜き型）,,,  ,2023-05-28 00:00:00,2023-05-28 00:00:00,2023-05-28 00:00:00,50,50,object1
NU1315-P04_PM8UQB_(MEK)設計計画書（総抜き型）.xls,1,NU1315-P04,PM8UQB,10,105,,完了,,NU1315-P04_PM8UQB_(MEK)設計計画書（総抜き型）,,,  ,2023-05-28 00:00:00,2023-05-28 00:00:00,2023-05-28 00:00:00,50,50,object1
NU1315-P04_PM8UQB_設計検証チェックリスト（総抜き型）.xls,1,NU1315-P04,PM8UQB,10,106,,完了,,NU1315-P04_PM8UQB_(MEK)設計検証チェックリスト（総抜き型）,,,  ,2023-05-28 00:00:00,2023-05-28 00:00:00,2023-05-28 00:00:00,50,50,object1
NU1315-P04_PM8UQB_設計変更会議議事録（総抜き型）.xls,1,NU1315-P04,PM8UQB,10,107,,完了,,NU1315-P04_PM8UQB_設計変更会議議事録（総抜き型）,,,  ,2023-05-28 00:00:00,2023-05-28 00:00:00,2023-05-28 00:00:00,50,50,object1
NU1315-P04_PM8UQB_妥当性確認記録（総抜き型）.pdf,1,NU1315-P04,PM8UQB,10,108,,完了,,NU1315-P04_PM8UQB_妥当性確認記録（総抜き型）,,,  ,2023-05-28 00:00:00,2023-05-28 00:00:00,2023-05-28 00:00:00,50,50,object1
NU1315-P04_PM8UQB_Ｄ.R会議議事録.xls,1,NU1315-P04,PM8UQB,10,112,,完了,,NU1315-P04_PM8UQB_Ｄ.R会議議事録（総抜き型）,,,  ,2023-05-28 00:00:00,2023-05-28 00:00:00,2023-05-28 00:00:00,50,50,object1
20VB003A-010_(MEK)設計計画書（プレス）.xls,1,20VB003A-010,,10,105,,完了,,20VB003A-010_(MEK)設計計画書（プレス）,,,  ,2023-05-28 00:00:00,2023-05-28 00:00:00,2023-05-28 00:00:00,50,50,object1
20VB003A-010_設計検証チェックリスト(プレス).xls,1,20VB003A-010,,10,106,,完了,,20VB003A-010_(MEK)設計検証チェックリスト（プレス）,,,  ,2023-05-28 00:00:00,2023-05-28 00:00:00,2023-05-28 00:00:00,50,50,object1
20VB003A-010_設計変更会議（プレス).xls,1,20VB003A-010,,10,107,,完了,,20VB003A-010_設計変更会議議事録(プレス),,,  ,2023-05-28 00:00:00,2023-05-28 00:00:00,2023-05-28 00:00:00,50,50,object1
20VB003A-010_妥当性確認記録（プレス）.pdf,1,20VB003A-010,,10,108,,完了,,20VB003A-010_妥当性確認記録（プレス）,,,  ,2023-05-28 00:00:00,2023-05-28 00:00:00,2023-05-28 00:00:00,50,50,object1
20VB003A-010_Ｄ.R会議議事録.xls,1,20VB003A-010,,10,112,,完了,,20VB003A-010_Ｄ.R会議議事録（プレス）,,,  ,2023-05-28 00:00:00,2023-05-28 00:00:00,2023-05-28 00:00:00,50,50,object1
NF8937-P03_PM4WBB_設計計画書.xls,1,NF8937-P03,PM4WBB,10,105,,完了,,NF8937-P03_PM4WBB_設計計画書,,,  ,2023-05-28 00:00:00,2023-05-28 00:00:00,2023-05-28 00:00:00,50,50,object1
NF8937-P03_PM4WBB_設計検証チェックリスト.xls,1,NF8937-P03,PM4WBB,10,106,,完了,,NF8937-P03_PM4WBB_設計検証チェックリスト,,,  ,2023-05-28 00:00:00,2023-05-28 00:00:00,2023-05-28 00:00:00,50,50,object1
NF8937-P03_PM4WBB_設計変更会議議事録.xls,1,NF8937-P03,PM4WBB,10,107,,完了,,NF8937-P03_PM4WBB_設計変更会議議事録,,,  ,2023-05-28 00:00:00,2023-05-28 00:00:00,2023-05-28 00:00:00,50,50,object1
NF8937-P03_PM4WBB_設計変更会議議事録②.xls,1,NF8937-P03,PM4WBB,10,107,,完了,,NF8937-P03_PM4WBB_設計変更会議議事録②,,,  ,2023-05-28 00:00:00,2023-05-28 00:00:00,2023-05-28 00:00:00,50,50,object1
APN0110-S021-P55_設計計画書（プレス）.xls,1,APN0110-S021-P55,,10,105,,完了,,APN0110-S021-P55_設計計画書（プレス）,,,  ,2023-05-28 00:00:00,2023-05-28 00:00:00,2023-05-28 00:00:00,50,50,object1
APN0110-S021-P55_設計検証チェックリスト(プレス).xls,1,APN0110-S021-P55,,10,106,,完了,,APN0110-S021-P55_設計検証チェックリスト（プレス）,,,  ,2023-05-28 00:00:00,2023-05-28 00:00:00,2023-05-28 00:00:00,50,50,object1
APN0110-S021-P55_設計変更会議（プレス).xls,1,APN0110-S021-P55,,10,107,,完了,,APN0110-S021-P55_設計変更会議議事録(プレス),,,  ,2023-05-28 00:00:00,2023-05-28 00:00:00,2023-05-28 00:00:00,50,50,object1
APN0110-S021-P55-02_妥当性確認記録.pdf,1,APN0110-S021-P55,,10,108,,完了,,APN0110-S021-P55-02_妥当性確認記録（プレス）,,,  ,2023-05-28 00:00:00,2023-05-28 00:00:00,2023-05-28 00:00:00,50,50,object1
NZDPM6-P43_アルミ箔_(MEK)設計計画書（総抜き型）.xls,1,NZDPM6-P43,,10,105,,完了,,APN0110-S021-P55_設計計画書（プレス）,,,  ,2023-05-28 00:00:00,2023-05-28 00:00:00,2023-05-28 00:00:00,50,50,object1
NZDPM6-P43_アルミ箔_設計検証チェックリスト（総抜き型）.xls,1,NZDPM6-P43,,10,106,,完了,,APN0110-S021-P55_設計検証チェックリスト（プレス）,,,  ,2023-05-28 00:00:00,2023-05-28 00:00:00,2023-05-28 00:00:00,50,50,object1
NZDPM6-P43_アルミ箔_設計変更会議議事録（総抜き型）.xls,1,NZDPM6-P43,,10,107,,完了,,APN0110-S021-P55_設計変更会議議事録(プレス),,,  ,2023-05-28 00:00:00,2023-05-28 00:00:00,2023-05-28 00:00:00,50,50,object1
NZDPM6-P43_アルミ箔_Ｄ.R会議議事録.xls,1,NZDPM6-P43,,10,112,,完了,,NZDPM6-P43_アルミ箔_Ｄ.R会議議事録,,,  ,2023-05-28 00:00:00,2023-05-28 00:00:00,2023-05-28 00:00:00,50,50,object1
NZDUC3-P07_(MEK)設計計画書（総抜き型）.xls,1,NZDUC3-P07,,10,105,,完了,,NZDUC3-P07_(MEK)設計計画書（総抜き型）,,,  ,2023-05-28 00:00:00,2023-05-28 00:00:00,2023-05-28 00:00:00,50,50,object1
NZDUC3-P07_設計検証チェックリスト（総抜き型）.xls,1,NZDUC3-P07,,10,106,,完了,,NZDUC3-P07_設計検証チェックリスト（総抜き型）,,,  ,2023-05-28 00:00:00,2023-05-28 00:00:00,2023-05-28 00:00:00,50,50,object1
NZDUC3-P07_設計変更会議議事録（総抜き型）.xls,1,NZDUC3-P07,,10,107,,完了,,NZDUC3-P07_設計変更会議議事録（総抜き型）,,,  ,2023-05-28 00:00:00,2023-05-28 00:00:00,2023-05-28 00:00:00,50,50,object1
NZDUC3-P07_Ｄ.R会議議事録.xls,1,NZDUC3-P07,,10,112,,完了,,NZDUC3-P07_Ｄ.R会議議事録,,,  ,2023-05-28 00:00:00,2023-05-28 00:00:00,2023-05-28 00:00:00,50,50,object1
NZDUC3-P07_妥当性確認記録.pdf,1,NZDUC3-P07,,10,108,,完了,,NZDUC3-P07_妥当性確認記録,,,  ,2023-05-28 00:00:00,2023-05-28 00:00:00,2023-05-28 00:00:00,50,50,object1
F01132-P42-B01_設計計画書（プレス）.xls,1,F01132-P42-B01,,10,105,,完了,,F01132-P42-B01_設計計画書（プレス）,,,  ,2023-05-28 00:00:00,2023-05-28 00:00:00,2023-05-28 00:00:00,50,50,object1
F01132-P42-B01_設計検証チェックリスト(プレス).xls,1,F01132-P42-B01,,10,106,,完了,,F01132-P42-B01_設計検証チェックリスト(プレス),,,  ,2023-05-28 00:00:00,2023-05-28 00:00:00,2023-05-28 00:00:00,50,50,object1
F01132-P42-B01_設計変更会議議事録(プレス).xls,1,F01132-P42-B01,,10,107,,完了,,F01132-P42-B01_設計変更会議議事録(プレス),,,  ,2023-05-28 00:00:00,2023-05-28 00:00:00,2023-05-28 00:00:00,50,50,object1
F01132-P42-B01_D.R会議議事録.xls,1,F01132-P42-B01,,10,112,,完了,,F01132-P42-B01_D.R会議議事録,,,  ,2023-05-28 00:00:00,2023-05-28 00:00:00,2023-05-28 00:00:00,50,50,object1
F01132-P42-B01_妥当性確認記録.pdf,1,F01132-P42-B01,,10,108,,完了,,F01132-P42-B01_妥当性確認記録,,,  ,2023-05-28 00:00:00,2023-05-28 00:00:00,2023-05-28 00:00:00,50,50,object1
NZDWY9-01-P08_(MEK)設計計画書（総抜き型）.xls,1,NZDWY9-01-P08,,10,105,,完了,,NZDWY9-01-P08_(MEK)設計計画書（総抜き型）,,,  ,2023-05-28 00:00:00,2023-05-28 00:00:00,2023-05-28 00:00:00,50,50,object1
NZDWY9-01-P08_設計検証チェックリスト（総抜き型）.xls,1,NZDWY9-01-P08,,10,106,,完了,,NZDWY9-01-P08_設計検証チェックリスト（総抜き型）,,,  ,2023-05-28 00:00:00,2023-05-28 00:00:00,2023-05-28 00:00:00,50,50,object1
NZDWY9-01-P08_設計変更会議議事録（総抜き型）.xls,1,NZDWY9-01-P08,,10,107,,完了,,NZDWY9-01-P08_設計変更会議議事録（総抜き型）,,,  ,2023-05-28 00:00:00,2023-05-28 00:00:00,2023-05-28 00:00:00,50,50,object1
NZDWY9-01-P48_D.R会議議事録.xls,1,NZDWY9-01-P08,,10,112,,完了,,NZDWY9-01-P08_D.R会議議事録,,,  ,2023-05-28 00:00:00,2023-05-28 00:00:00,2023-05-28 00:00:00,50,50,object1
NZDWY9-01-P08_妥当性確認記録.pdf,1,NZDWY9-01-P08,,10,108,,完了,,NZDWY9-01-P08_妥当性確認記録,,,  ,2023-05-28 00:00:00,2023-05-28 00:00:00,2023-05-28 00:00:00,50,50,object1
NZDZF4-P04_(MEK)設計計画書（総抜き型）.xls,1,NZDZF4-P04,,10,105,,完了,,NZDZF4-P04_(MEK)設計計画書（総抜き型）,,,  ,2023-05-28 00:00:00,2023-05-28 00:00:00,2023-05-28 00:00:00,50,50,object1
NZDZF4-P04_設計検証チェックリスト（総抜き型）.xls,1,NZDZF4-P04,,10,106,,完了,,NZDZF4-P04_設計検証チェックリスト（総抜き型）,,,  ,2023-05-28 00:00:00,2023-05-28 00:00:00,2023-05-28 00:00:00,50,50,object1
NZDZF4-P04_設計変更会議議事録（総抜き型）.xls,1,NZDZF4-P04,,10,107,,完了,,NZDZF4-P04_設計変更会議議事録（総抜き型）,,,  ,2023-05-28 00:00:00,2023-05-28 00:00:00,2023-05-28 00:00:00,50,50,object1
NZDZF4-P04_D.R会議議事録.xls,1,NZDZF4-P04,,10,112,,完了,,NZDZF4-P04_D.R会議議事録,,,  ,2023-05-28 00:00:00,2023-05-28 00:00:00,2023-05-28 00:00:00,50,50,object1
NZDZF4-P04_妥当性確認記録.pdf,1,NZDZF4-P04,,10,108,,完了,,NZDZF4-P04_妥当性確認記録,,,  ,2023-05-28 00:00:00,2023-05-28 00:00:00,2023-05-28 00:00:00,50,50,object1
GON0336-P41_PM8JNA_(MEK)設計計画書（総抜き型）.xls,1,GON0336-P41,PM8JNA,10,105,,完了,,GON0336-P41_PM8JNA_(MEK)設計計画書（総抜き型）,,,  ,2023-05-28 00:00:00,2023-05-28 00:00:00,2023-05-28 00:00:00,50,50,object1
GON0336-P41_PM8JNA_設計検証チェックリスト（総抜き型）.xls,1,GON0336-P41,PM8JNA,10,106,,完了,,GON0336-P41_PM8JNA_設計検証チェックリスト（総抜き型）,,,  ,2023-05-28 00:00:00,2023-05-28 00:00:00,2023-05-28 00:00:00,50,50,object1
GON0336-P41_PM8JNA_設計変更会議議事録（総抜き型）.xls,1,GON0336-P41,PM8JNA,10,107,,完了,,GON0336-P41_PM8JNA_設計変更会議議事録（総抜き型）,,,  ,2023-05-28 00:00:00,2023-05-28 00:00:00,2023-05-28 00:00:00,50,50,object1
GON0336-P41_PM8JNA_2個取り_D.R会議議事録.xls,1,GON0336-P41,PM8JNA,10,112,,完了,,GON0336-P41_PM8JNA_2個取り_D.R会議議事録,,,  ,2023-05-28 00:00:00,2023-05-28 00:00:00,2023-05-28 00:00:00,50,50,object1
GON0336-P41_PM8JNA_2個取り妥当性確認記録.pdf,1,GON0336-P41,PM8JNA,10,108,,完了,,GON0336-P41_PM8JNA_2個取り妥当性確認記録,,,  ,2023-05-28 00:00:00,2023-05-28 00:00:00,2023-05-28 00:00:00,50,50,object1
NZER17-P50_Busbar順送型設計計画書.xls,1,NZER17-P50,,10,105,,完了,,NZER17-P50_Busbar順送型設計計画書,,,  ,2023-05-28 00:00:00,2023-05-28 00:00:00,2023-05-28 00:00:00,50,50,object1
NZER17-P50_Busbar順送型設計検証チェックリスト.xls,1,NZER17-P50,,10,106,,完了,,NZER17-P50_Busbar順送型設計検証チェックリスト,,,  ,2023-05-28 00:00:00,2023-05-28 00:00:00,2023-05-28 00:00:00,50,50,object1
NZER17-P50_Busbar順送型設計変更会議議事録.xls,1,NZER17-P50,,10,107,,完了,,NZER17-P50_Busbar順送型設計変更会議議事録,,,  ,2023-05-28 00:00:00,2023-05-28 00:00:00,2023-05-28 00:00:00,50,50,object1
NZER17-P50_Busbar順送型D.R会議議事録.xls,1,NZER17-P50,,10,112,,完了,,NZER17-P50_Busbar順送型D.R会議議事録,,,  ,2023-05-28 00:00:00,2023-05-28 00:00:00,2023-05-28 00:00:00,50,50,object1
NZEV30-P06_設計計画書.xls,1,NZEV30-P06,,10,105,,完了,,NZEV30-P06_設計計画書,,,  ,2023-05-28 00:00:00,2023-05-28 00:00:00,2023-05-28 00:00:00,50,50,object1
NZEV30-P06_設計検証チェックリスト.xls,1,NZEV30-P06,,10,106,,完了,,NZEV30-P06_設計検証チェックリスト,,,  ,2023-05-28 00:00:00,2023-05-28 00:00:00,2023-05-28 00:00:00,50,50,object1
NZEV30-P06_D.R会議議事録(総抜き型)2020.xls,1,NZEV30-P06,,10,112,,完了,,NZEV30-P06_D.R会議議事録(総抜き型)2020,,,  ,2023-05-28 00:00:00,2023-05-28 00:00:00,2023-05-28 00:00:00,50,50,object1
NZEV30-P07_設計計画書.xls,1,NZEV30-P07,,10,105,,完了,,NZEV30-P07_設計計画書,,,  ,2023-05-28 00:00:00,2023-05-28 00:00:00,2023-05-28 00:00:00,50,50,object1
NZEV30-P07_設計検証チェックリスト.xls,1,NZEV30-P07,,10,106,,完了,,NZEV30-P07_設計検証チェックリスト,,,  ,2023-05-28 00:00:00,2023-05-28 00:00:00,2023-05-28 00:00:00,50,50,object1
NZEV30-P07_D.R会議議事録(総抜き型)2020.xls,1,NZEV30-P07,,10,112,,完了,,NZEV30-P07_D.R会議議事録(総抜き型)2020,,,  ,2023-05-28 00:00:00,2023-05-28 00:00:00,2023-05-28 00:00:00,50,50,object1
NT3621-P44_PM9EBA_設計計画書.xls,1,NT3621-P44,PM9EBA,10,105,,完了,,NT3621-P44_PM9EBA_設計計画書,,,  ,2023-05-28 00:00:00,2023-05-28 00:00:00,2023-05-28 00:00:00,50,50,object1
NT3621-P44_PM9EBA_設計検証チェックリスト.xls,1,NT3621-P44,PM9EBA,10,106,,完了,,NT3621-P44_PM9EBA_設計検証チェックリスト,,,  ,2023-05-28 00:00:00,2023-05-28 00:00:00,2023-05-28 00:00:00,50,50,object1
NT3621-P44_PM9EBA_設計変更会議議事録.xls,1,NT3621-P44,PM9EBA,10,107,,完了,,NT3621-P44_PM9EBA_設計変更会議議事録,,,  ,2023-05-28 00:00:00,2023-05-28 00:00:00,2023-05-28 00:00:00,50,50,object1
NT3621-P50_PM9ECA_Busbar順送型_2個取り設計計画書.xls,1,NT3621-P50,PM9ECA,10,105,,完了,,NT3621-P50_PM9ECA_Busbar順送型_2個取り設計計画書,,,  ,2023-05-28 00:00:00,2023-05-28 00:00:00,2023-05-28 00:00:00,50,50,object1
NT3621-P50_PM9ECA_Busbar順送型_2個取り設計検証チェックリスト.xls,1,NT3621-P44,PM9ECA,10,106,,完了,,NT3621-P50_PM9ECA_Busbar順送型_2個取り設計検証チェックリスト,,,  ,2023-05-28 00:00:00,2023-05-28 00:00:00,2023-05-28 00:00:00,50,50,object1
NT3621-P50_PM9ECA_Busbar順送型_2個取り設計変更会議議事録.xls,1,NT3621-P50,PM9ECA,10,107,,完了,,NT3621-P50_PM9ECA_Busbar順送型_2個取り設計変更会議議事録,,,  ,2023-05-28 00:00:00,2023-05-28 00:00:00,2023-05-28 00:00:00,50,50,object1
NT3621-P50_PM9ECA_Busbar順送型_2個取りD.R会議議事録.xls,1,NT3621-P50,PM9ECA,10,112,,完了,,NT3621-P50_PM9ECA_Busbar順送型_2個取りD.R会議議事録,,,  ,2023-05-28 00:00:00,2023-05-28 00:00:00,2023-05-28 00:00:00,50,50,object1
NT3621-P51_PM9EDA_Half_BusbarA_設計計画書.xls,1,NT3621-P51,PM9EDA,10,105,,完了,,NT3621-P51_PM9EDA_Half_BusbarA_設計計画書,,,  ,2023-05-28 00:00:00,2023-05-28 00:00:00,2023-05-28 00:00:00,50,50,object1
NT3621-P51_PM9EDA_Half_BusbarA_設計検証チェックリスト.xls,1,NT3621-P51,PM9EDA,10,106,,完了,,NT3621-P51_PM9EDA_Half_BusbarA_設計検証チェックリスト,,,  ,2023-05-28 00:00:00,2023-05-28 00:00:00,2023-05-28 00:00:00,50,50,object1
NT3621-P51_PM9EDA_Half_BusbarA_設計変更会議議事録.xls,1,NT3621-P51,PM9EDA,10,107,,完了,,NT3621-P51_PM9EDA_Half_BusbarA_設計変更会議議事録,,,  ,2023-05-28 00:00:00,2023-05-28 00:00:00,2023-05-28 00:00:00,50,50,object1
NT3621-P51_PM9EDA_Half_BusbarA_Ｄ.R会議議事録.xls,1,NT3621-P51,PM9EDA,10,112,,完了,,NT3621-P51_PM9EDA_Half_BusbarA_D.R会議議事録,,,  ,2023-05-28 00:00:00,2023-05-28 00:00:00,2023-05-28 00:00:00,50,50,object1
NT3621-P51-03_PM9EDC_Half_BusbarA_設計計画書.xls,1,NT3621-P51-03,PM9EDC,10,105,,完了,,NT3621-P51-03_PM9EDC_Half_BusbarA_設計計画書,,,  ,2023-05-28 00:00:00,2023-05-28 00:00:00,2023-05-28 00:00:00,50,50,object1
NT3621-P51-03_PM9EDC_Half_BusbarA_設計検証チェックリスト.xls,1,NT3621-P51-03,PM9EDC,10,106,,完了,,NT3621-P51-03_PM9EDC_Half_BusbarA_設計検証チェックリスト,,,  ,2023-05-28 00:00:00,2023-05-28 00:00:00,2023-05-28 00:00:00,50,50,object1
NT3621-P51-03_PM9EDC_Half_BusbarA_Ｄ.R会議議事録.xls,1,NT3621-P51-03,PM9EDC,10,107,,完了,,NT3621-P51-03_PM9EDC_Half_BusbarA_設計変更会議議事録,,,  ,2023-05-28 00:00:00,2023-05-28 00:00:00,2023-05-28 00:00:00,50,50,object1
NT3621-P52_PM9EEA_Half_BusbarB_設計計画書.xls,1,NT3621-P52,PM9EEA,10,105,,完了,,NT3621-P52_PM9EEA_Half_BusbarB_設計計画書,,,  ,2023-05-28 00:00:00,2023-05-28 00:00:00,2023-05-28 00:00:00,50,50,object1
NT3621-P52_PM9EEA_Half_BusbarB_設計検証チェックリスト.xls,1,NT3621-P52,PM9EEA,10,106,,完了,,NT3621-P52_PM9EEA_Half_BusbarB_設計検証チェックリスト,,,  ,2023-05-28 00:00:00,2023-05-28 00:00:00,2023-05-28 00:00:00,50,50,object1
NT3621-P52_PM9EEA_Half_BusbarB_設計変更会議議事録.xls,1,NT3621-P52,PM9EEA,10,107,,完了,,NT3621-P52_PM9EEA_Half_BusbarB_設計変更会議議事録,,,  ,2023-05-28 00:00:00,2023-05-28 00:00:00,2023-05-28 00:00:00,50,50,object1
NZEVP2-P41_金型製作依頼票.xls,1,NZEVP2-P41,,10,102,,完了,,NZEVP2-P41_金型製作依頼票,,,  ,2023-05-28 00:00:00,2023-05-28 00:00:00,2023-05-28 00:00:00,50,50,object1
NZEXN3-P42_金型製作依頼票.xls,1,NZEXN3-P42,,10,102,,完了,,NZEXN3-P42_金型製作依頼票,,,  ,2023-05-28 00:00:00,2023-05-28 00:00:00,2023-05-28 00:00:00,50,50,object1
NZETL9-P44_金型製作依頼票.xls,1,NZETL9-P44,,10,102,,完了,,NZETL9-P44_金型製作依頼票,,,  ,2023-05-28 00:00:00,2023-05-28 00:00:00,2023-05-28 00:00:00,50,50,object1
NZESC2-P42_金型製作依頼票.xls,1,NZESC2-P42,,10,102,,完了,,NZESC2-P42_金型製作依頼票,,,  ,2023-05-28 00:00:00,2023-05-28 00:00:00,2023-05-28 00:00:00,50,50,object1
NZESC2-P41_金型製作依頼票.xls,1,NZESC2-P41,,10,102,,完了,,NZESC2-P41_金型製作依頼票,,,  ,2023-05-28 00:00:00,2023-05-28 00:00:00,2023-05-28 00:00:00,50,50,object1
NZELT9-P43_金型製作依頼票.xls,1,NZELT9-P43,,10,102,,完了,,NZELT9-P43_金型製作依頼票,,,  ,2023-05-28 00:00:00,2023-05-28 00:00:00,2023-05-28 00:00:00,50,50,object1
NZELT9-P42_金型製作依頼票.xls,1,NZELT9-P42,,10,102,,完了,,NZELT9-P42_金型製作依頼票,,,  ,2023-05-28 00:00:00,2023-05-28 00:00:00,2023-05-28 00:00:00,50,50,object1
NZEMN5-P41_金型製作依頼票.xls,1,NZEMN5-P41,,10,102,,完了,,NZEMN5-P41_金型製作依頼票,,,  ,2023-05-28 00:00:00,2023-05-28 00:00:00,2023-05-28 00:00:00,50,50,object1
NZEMN5-P45_金型製作依頼票.xls,1,NZEMN5-P45,,10,102,,完了,,NZEMN5-P45_金型製作依頼票,,,  ,2023-05-28 00:00:00,2023-05-28 00:00:00,2023-05-28 00:00:00,50,50,object1
NZEJQ7-P53-01 Half Busbar P_金型製作依頼票.xls,1,NZEJQ7-P53-01,,10,102,,完了,,NZEJQ7-P53-01 Half Busbar P_金型製作依頼票,,,  ,2023-05-28 00:00:00,2023-05-28 00:00:00,2023-05-28 00:00:00,50,50,object1
NZEJQ7-P54-01 Half Busbar N_金型製作依頼票.xls,1,NZEJQ7-P54-01,,10,102,,完了,,NZEJQ7-P54-01 Half Busbar N_金型製作依頼票,,,  ,2023-05-28 00:00:00,2023-05-28 00:00:00,2023-05-28 00:00:00,50,50,object1
NZELB6-P41_金型製作依頼票.xls,1,NZELB6-P41,,10,102,,完了,,NZELB6-P41_金型製作依頼票,,,  ,2023-05-28 00:00:00,2023-05-28 00:00:00,2023-05-28 00:00:00,50,50,object1
NZXAL1-P43_2個取り_金型製作依頼票.xls,1,NZXAL1-P43,,10,102,,完了,,NZXAL1-P43_2個取り_金型製作依頼票,,,  ,2023-05-28 00:00:00,2023-05-28 00:00:00,2023-05-28 00:00:00,50,50,object1
NZEQJ7-P45_金型製作依頼票.xls,1,NZEQJ7-P45,,10,102,,完了,,NZEQJ7-P45_金型製作依頼票,,,  ,2023-05-28 00:00:00,2023-05-28 00:00:00,2023-05-28 00:00:00,50,50,object1
NT3621-P52-03_PM9EEC_Half_BusbarB順送型_金型製作依頼票.xls,1,NT3621-P52-03,PM9EEC,10,102,,完了,,NT3621-P52-03_PM9EEC_Half_BusbarB順送型_金型製作依頼票,,,  ,2023-05-28 00:00:00,2023-05-28 00:00:00,2023-05-28 00:00:00,50,50,object1
NT3621-P52_PM9EEC_Half_BusbarB順送型_金型製作依頼票.xls,1,NT3621-P52,PM9EEA,10,102,,完了,,NT3621-P52_PM9EEA_Half_BusbarB順送型_金型製作依頼票,,,  ,2023-05-28 00:00:00,2023-05-28 00:00:00,2023-05-28 00:00:00,50,50,object1
NT3621-P51-03_PM9EDC_Half_BusbarA順送型_金型製作依頼票.xls,1,NT3621-P51-03,PM9EEC,10,102,,完了,,NT3621-P51-03_PM9EDC_Half_BusbarA順送型_金型製作依頼票,,,  ,2023-05-28 00:00:00,2023-05-28 00:00:00,2023-05-28 00:00:00,50,50,
NT3621-P51_PM9EDA_Half_BusbarA順送型_金型製作依頼票.xls,1,NT3621-P51,PM9EEA,10,102,,完了,,NT3621-P51_PM9EDA_Half_BusbarA順送型_金型製作依頼票,,,  ,2023-05-28 00:00:00,2023-05-28 00:00:00,2023-05-28 00:00:00,50,50,object1
NT3621-P50_PM9ECA_Busbar順送型_2個取り_金型製作依頼票.xls,1,NT3621-P50,PM9ECA,10,102,,完了,,NT3621-P50_PM9ECA_Busbar順送型_2個取り_金型製作依頼票,,,  ,2023-05-28 00:00:00,2023-05-28 00:00:00,2023-05-28 00:00:00,50,50,object1
NT3621-P44_PM9EBA_2個取り_金型製作依頼票.xls,1,NT3621-P50,PM9EBA,10,102,,完了,,NT3621-P44_PM9EBA_2個取り_金型製作依頼票,,,  ,2023-05-28 00:00:00,2023-05-28 00:00:00,2023-05-28 00:00:00,50,50,object1
NZEGZ3-P41_金型製作依頼票.xls,1,NZEGZ3-P41,,10,102,,完了,,NZEGZ3-P41_金型製作依頼票,,,  ,2023-05-28 00:00:00,2023-05-28 00:00:00,2023-05-28 00:00:00,50,50,object1
NZXY76-P22_金型製作依頼票.xls,1,NZXY76-P22,,10,102,,完了,,NZXY76-P22_金型製作依頼票,,,  ,2023-05-28 00:00:00,2023-05-28 00:00:00,2023-05-28 00:00:00,50,50,object1
NZXY76-P21_金型製作依頼票.xls,1,NZXY76-P21,,10,102,,完了,,NZXY76-P21_金型製作依頼票,,,  ,2023-05-28 00:00:00,2023-05-28 00:00:00,2023-05-28 00:00:00,50,50,object1
NZECL6-P04_金型製作依頼票.xls,1,NZECL6-P04,,10,102,,完了,,NZECL6-P04_金型製作依頼票,,,  ,2023-05-28 00:00:00,2023-05-28 00:00:00,2023-05-28 00:00:00,50,50,object1
NT3285-P11順送型_金型製作依頼票.xls,1,NT3285-P11,,10,102,,完了,,NT3285-P11順送型_金型製作依頼票,,,  ,2023-05-28 00:00:00,2023-05-28 00:00:00,2023-05-28 00:00:00,50,50,object1
NT3280-P11順送型_金型製作依頼票.xls,1,NT3280-P11,,10,102,,完了,,NT3280-P11順送型_金型製作依頼票,,,  ,2023-05-28 00:00:00,2023-05-28 00:00:00,2023-05-28 00:00:00,50,50,object1
NT3280-P10順送型_金型製作依頼票.xls,1,NT3280-P10,,10,102,,完了,,NT3280-P10順送型_金型製作依頼票,,,  ,2023-05-28 00:00:00,2023-05-28 00:00:00,2023-05-28 00:00:00,50,50,object1
NT3280-P12順送型_金型製作依頼票.xls,1,NT3280-P12,,10,102,,完了,,NT3280-P12順送型_金型製作依頼票,,,  ,2023-05-28 00:00:00,2023-05-28 00:00:00,2023-05-28 00:00:00,50,50,object1
NT3285-P15順送型_金型製作依頼票.xls,1,NT3285-P15,,10,102,,完了,,NT3285-P15順送型_金型製作依頼票,,,  ,2023-05-28 00:00:00,2023-05-28 00:00:00,2023-05-28 00:00:00,50,50,object1
NT3280-P15順送型_金型製作依頼票.xls,1,NT3280-P15,,10,102,,完了,,NT3280-P15順送型_金型製作依頼票,,,  ,2023-05-28 00:00:00,2023-05-28 00:00:00,2023-05-28 00:00:00,50,50,object1
NT3280-P14順送型_金型製作依頼票.xls,1,NT3280-P14,,10,102,,完了,,NT3280-P14順送型_金型製作依頼票,,,  ,2023-05-28 00:00:00,2023-05-28 00:00:00,2023-05-28 00:00:00,50,50,object1
NT3285-P14順送型_金型製作依頼票.xls,1,NT3285-P14,,10,102,,完了,,NT3285-P14順送型_金型製作依頼票,,,  ,2023-05-28 00:00:00,2023-05-28 00:00:00,2023-05-28 00:00:00,50,50,object1
NT3285-P13順送型_金型製作依頼票.xls,1,NT3285-P13,,10,102,,完了,,NT3285-P13順送型_金型製作依頼票,,,  ,2023-05-28 00:00:00,2023-05-28 00:00:00,2023-05-28 00:00:00,50,50,object1
NT3280-P13順送型_金型製作依頼票.xls,1,NT3280-P13,,10,102,,完了,,NT3280-P13順送型_金型製作依頼票,,,  ,2023-05-28 00:00:00,2023-05-28 00:00:00,2023-05-28 00:00:00,50,50,object1
NZEV30-P07_金型製作依頼票.xls,1,NZEV30-P07,,10,102,,完了,,NZEV30-P07_金型製作依頼票,,,  ,2023-05-28 00:00:00,2023-05-28 00:00:00,2023-05-28 00:00:00,50,50,object1
NZEV30-P06_金型製作依頼票.xls,1,NZEV30-P06,,10,102,,完了,,NZEV30-P06_金型製作依頼票,,,  ,2023-05-28 00:00:00,2023-05-28 00:00:00,2023-05-28 00:00:00,50,50,object1
NZER17-P50順送型_金型製作依頼票.xls,1,NZER17-P50,,10,102,,完了,,NZER17-P50順送型_金型製作依頼票,,,  ,2023-05-28 00:00:00,2023-05-28 00:00:00,2023-05-28 00:00:00,50,50,object1
GON0336-P41【2個取り】_金型製作依頼票.xls,1,GON0336-P41,,10,102,,完了,,GON0336-P41【2個取り】_金型製作依頼票,,,  ,2023-05-28 00:00:00,2023-05-28 00:00:00,2023-05-28 00:00:00,50,50,object1
NU1295-P15_PM8TAA_金型製作依頼票.xls,1,NU1295-P15,PM8TAA,10,102,,完了,,NU1295-P15_PM8TAA_金型製作依頼票,,,  ,2023-05-28 00:00:00,2023-05-28 00:00:00,2023-05-28 00:00:00,50,50,object1
NU1294-P15_PM8STA_金型製作依頼票.xls,1,NU1294-P15,PM8STA,10,102,,完了,,NU1294-P15_PM8STA_金型製作依頼票,,,  ,2023-05-28 00:00:00,2023-05-28 00:00:00,2023-05-28 00:00:00,50,50,object1
NU1293-P16_PM8T1A_金型製作依頼票.xls,1,NU1293-P16,PM8T1A,10,102,,完了,,NU1293-P16_PM8T1A_金型製作依頼票,,,  ,2023-05-28 00:00:00,2023-05-28 00:00:00,2023-05-28 00:00:00,50,50,object1
NU1293-P17_PM8T2A_金型製作依頼票.xls,1,NU1293-P17,PM8T2A,10,102,,完了,,NU1293-P17_PM8T2A_金型製作依頼票,,,  ,2023-05-28 00:00:00,2023-05-28 00:00:00,2023-05-28 00:00:00,50,50,object1
NU1292-P17_PM8SLA_金型製作依頼票.xls,1,NU1292-P17,PM8SLA,10,102,,完了,,NU1292-P17_PM8SLA_金型製作依頼票,,,  ,2023-05-28 00:00:00,2023-05-28 00:00:00,2023-05-28 00:00:00,50,50,object1
NU1292-P16_PM8SKA_金型製作依頼票.xls,1,NU1292-P16,PM8SKA,10,102,,完了,,NU1292-P16_PM8SKA_金型製作依頼票,,,  ,2023-05-28 00:00:00,2023-05-28 00:00:00,2023-05-28 00:00:00,50,50,object1
NU1295-P14_PM8T9A【125×150】_金型製作依頼票.xls,1,NU1295-P14,PM8T9A,10,102,,完了,,NU1295-P14_PM8T9A【125×150】_金型製作依頼票,,,  ,2023-05-28 00:00:00,2023-05-28 00:00:00,2023-05-28 00:00:00,50,50,object1
NU1295-P13_PM8T8A_金型製作依頼票.xls,1,NU1295-P13,PM8T8A,10,102,,完了,,NU1295-P13_PM8T8A_金型製作依頼票,,,  ,2023-05-28 00:00:00,2023-05-28 00:00:00,2023-05-28 00:00:00,50,50,object1
NU1295-P12_PM8T7A_金型製作依頼票.xls,1,NU1295-P13,PM8T7A,10,102,,完了,,NU1295-P12_PM8T7A_金型製作依頼票,,,  ,2023-05-28 00:00:00,2023-05-28 00:00:00,2023-05-28 00:00:00,50,50,object1
NU1294-P14_PM8SSA【125×150】_金型製作依頼票.xls,1,NU1294-P14,PM8SSA,10,102,,完了,,NU1294-P14_PM8SSA【125×150】_金型製作依頼票,,,  ,2023-05-28 00:00:00,2023-05-28 00:00:00,2023-05-28 00:00:00,50,50,object1
NU1294-P13_PM8SRA_金型製作依頼票.xls,1,NU1294-P13,PM8SRA,10,102,,完了,,NU1294-P13_PM8SRA_金型製作依頼票,,,  ,2023-05-28 00:00:00,2023-05-28 00:00:00,2023-05-28 00:00:00,50,50,object1
NU1294-P12_PM8SQA_金型製作依頼票.xls,1,NU1294-P12,PM8SQA,10,102,,完了,,NU1294-P12_PM8SQA_金型製作依頼票,,,  ,2023-05-28 00:00:00,2023-05-28 00:00:00,2023-05-28 00:00:00,50,50,object1
NT2394-P44_PM81FB_金型製作依頼票.xls,1,NT2394-P44,PM81FB,10,102,,完了,,NT2394-P44_PM81FB_金型製作依頼票,,,  ,2023-05-28 00:00:00,2023-05-28 00:00:00,2023-05-28 00:00:00,50,50,object1
NT2394-P43_PM81EB_金型製作依頼票.xls,1,NT2394-P43,PM81EB,10,102,,完了,,NT2394-P43_PM81EB_金型製作依頼票,,,  ,2023-05-28 00:00:00,2023-05-28 00:00:00,2023-05-28 00:00:00,50,50,object1
NZDZF4-P04_金型製作依頼票.xls,1,NZDZF4-P04,,10,102,,完了,,NZDZF4-P04_金型製作依頼票,,,  ,2023-05-28 00:00:00,2023-05-28 00:00:00,2023-05-28 00:00:00,50,50,object1
NZDWY9-01-P48_金型製作依頼票.xls,1,NZDWY9-01-P48,,10,102,,完了,,NZDWY9-01-P48_金型製作依頼票,,,  ,2023-05-28 00:00:00,2023-05-28 00:00:00,2023-05-28 00:00:00,50,50,object1
F01132-P42-B01単発面打ち型_金型製作依頼表.xls,1,F01132-P42-B01,,10,102,,完了,,F01132-P42-B01単発面打ち型_金型製作依頼表,,,  ,2023-05-28 00:00:00,2023-05-28 00:00:00,2023-05-28 00:00:00,50,50,object1
NZDUC3-P07_金型製作依頼票.xls,1,NZDUC3-P07,,10,102,,完了,,NZDUC3-P07_金型製作依頼票,,,  ,2023-05-28 00:00:00,2023-05-28 00:00:00,2023-05-28 00:00:00,50,50,object1
NZDPM6-P43_アルミ箔_金型製作依頼票.xls,1,NZDPM6-P43,,10,102,,完了,,NZDPM6-P43_アルミ箔_金型製作依頼票,,,  ,2023-05-28 00:00:00,2023-05-28 00:00:00,2023-05-28 00:00:00,50,50,object1
20VB003A-010_SUSプレート_金型製作依頼票.xls,1,20VB003A-010,,10,102,,完了,,20VB003A-010_SUSプレート_金型製作依頼票,,,  ,2023-05-28 00:00:00,2023-05-28 00:00:00,2023-05-28 00:00:00,50,50,object1
NU1001-P17_PM7WYA接着剤抜き型_金型製作依頼書.xls,1,NU1001-P17,PM7WYA,10,102,,完了,,NU1001-P17_PM7WYA接着剤抜き型_金型製作依頼書,,,  ,2023-05-28 00:00:00,2023-05-28 00:00:00,2023-05-28 00:00:00,50,50,object1
NU1001-P17_PM7WYB接着剤抜き型No2_金型製作依頼書.xls,1,NU1001-P17,PM7WYA,10,102,,完了,,NU1001-P17_PM7WYB接着剤抜き型No2_金型製作依頼書.xls,,,  ,2023-05-28 00:00:00,2023-05-28 00:00:00,2023-05-28 00:00:00,50,50,object1
NU1001-P16_PM7XHA接着剤抜き型_金型製作依頼書.xls,1,NU1001-P16,PM7XHB,10,102,,完了,,NU1001-P16_PM7XHA接着剤抜き型,,,  ,2023-05-28 00:00:00,2023-05-28 00:00:00,2023-05-28 00:00:00,50,50,object1
NU1001-P16_PM7XHB接着剤抜き型No2_金型製作依頼書.xls,1,NU1001-P16,PM7XHB,10,102,,完了,,NU1001-P16_PM7XHB接着剤抜き型No2_金型製作依頼書,,,  ,2023-05-28 00:00:00,2023-05-28 00:00:00,2023-05-28 00:00:00,50,50,object1
NF8937-P03_PM4WBB_カシマ式順送型_金型製作依頼表.xls,1,NF8937-P03,PM4WBB,10,102,,完了,,NF8937-P03_PM4WBB_カシマ式順送型_金型製作依頼表,,,  ,2023-05-28 00:00:00,2023-05-28 00:00:00,2023-05-28 00:00:00,50,50,object1
NZDYP8-P43_金型製作依頼票.xls,1,NZDYP8-P43,,10,102,,完了,,NZDYP8-P43_金型製作依頼票,,,  ,2023-05-28 00:00:00,2023-05-28 00:00:00,2023-05-28 00:00:00,50,50,object1
NZDYP8-P50順送型_金型製作依頼票.xls,1,NZDYP8-P50,,10,102,,完了,,NZDYP8-P50順送型_金型製作依頼票,,,  ,2023-05-28 00:00:00,2023-05-28 00:00:00,2023-05-28 00:00:00,50,50,object1
NZDYP8-P51_ハーフバスバーA順送型_金型製作依頼票.xls,1,NZDYP8-P51,,10,102,,完了,,NZDYP8-P51_ハーフバスバーA順送型_金型製作依頼票,,,  ,2023-05-28 00:00:00,2023-05-28 00:00:00,2023-05-28 00:00:00,50,50,object1
NZDYP8-P52_ハーフバスバーB順送型_金型製作依頼票.xls,1,NZDYP8-P52,,10,102,,完了,,NZDYP8-P52_ハーフバスバーB順送型_金型製作依頼票,,,  ,2023-05-28 00:00:00,2023-05-28 00:00:00,2023-05-28 00:00:00,50,50,object1
NU1314-P04_PM8UPB【125×125】_金型製作依頼票.xls,1,NU1314-P04,PM8UPB,10,102,,完了,,NU1314-P04_PM8UPB【125×125】_金型製作依頼票,,,  ,2023-05-28 00:00:00,2023-05-28 00:00:00,2023-05-28 00:00:00,50,50,object1
NU1315-P04_PM8UQB【125×125】_金型製作依頼票.xls,1,NU1315-P04,PM8UQB,10,102,,完了,,NU1315-P04_PM8UQB【125×125】_金型製作依頼票,,,  ,2023-05-28 00:00:00,2023-05-28 00:00:00,2023-05-28 00:00:00,50,50,object1
APN0110-S021-P55単発型_金型製作依頼票.xls,1,APN0110-S021-P55,,10,102,,完了,,APN0110-S021-P55単発型_金型製作依頼票,,,  ,2023-05-28 00:00:00,2023-05-28 00:00:00,2023-05-28 00:00:00,50,50,object1
製造実現可能性検討書_APN0110-S021-P55-02_2021.1.8.xlsx,1,APN0110-S021-P55-02,,10,339,,完了,,製造実現可能性検討書_APN0110-S021-P55-02_2021.1.8,,,  ,2021-01-08 00:00:00,2021-01-08 00:00:00,2021-01-08 00:00:00,50,50,object1
製造実現可能性検討書_EUN6593-H0L1-P41-A_2021.1.15.xlsx,1,EUN6593-H0L1-P41-A,,10,339,,完了,,製造実現可能性検討書_EUN6593-H0L1-P41-A_2021.1.15,,,  ,2021-01-15 00:00:00,2021-01-15 00:00:00,2021-01-15 00:00:00,50,50,object1
製造実現可能性検討書_EUN6593-H0L1-P41-B_2021.1.15.xlsx,1,EUN6593-H0L1-P41-B,,10,339,,完了,,製造実現可能性検討書_EUN6593-H0L1-P41-B_2021.1.15,,,  ,2021-01-15 00:00:00,2021-01-15 00:00:00,2021-01-15 00:00:00,50,50,object1
製造実現可能性検討書_F01132-P42-B01_2021.1.16.xlsx,1,F01132-P42-B01,,10,339,,完了,,製造実現可能性検討書_F01132-P42-B01_2021.1.16,,,  ,2021-01-16 00:00:00,2021-01-16 00:00:00,2021-01-16 00:00:00,50,50,object1
製造実現可能性検討書_GON0336-P41_2021.9.1.xlsx,1,GON0336-P41,,10,339,,完了,,製造実現可能性検討書_GON0336-P41_2021.9.1,,,  ,2021-09-01 00:00:00,2021-09-01 00:00:00,2021-09-01 00:00:00,50,50,object1
製造実現可能性検討書_NT2394-P43_2021.1.7.xlsx,1,NT2394-P43,,10,339,,完了,,製造実現可能性検討書_NT2394-P43_2021.1.7,,,  ,2021-01-07 00:00:00,2021-01-07 00:00:00,2021-01-07 00:00:00,50,50,object1
製造実現可能性検討書_NT2394-P44_2021.1.7.xlsx,1,NT2394-P44,,10,339,,完了,,製造実現可能性検討書_NT2394-P44_2021.1.7,,,  ,2021-01-07 00:00:00,2021-01-07 00:00:00,2021-01-07 00:00:00,50,50,object1
製造実現可能性検討書_NU1001-P16_2021.1.19.xlsx,1,NU1001-P16,,10,339,,完了,,製造実現可能性検討書_NU1001-P16_2021.1.19,,,  ,2021-01-19 00:00:00,2021-01-19 00:00:00,2021-01-19 00:00:00,50,50,object1
製造実現可能性検討書_NU1001-P17_2021.1.19.xlsx,1,NU1001-P17,,10,339,,完了,,製造実現可能性検討書_NU1001-P17_2021.1.19,,,  ,2021-01-19 00:00:00,2021-01-19 00:00:00,2021-01-19 00:00:00,50,50,object1
製造実現可能性検討書_NU1292-P16_2021.6.7.xlsx,1,NU1292-P16,,10,339,,完了,,製造実現可能性検討書_NU1292-P16_2021.6.7,,,  ,2021-06-07 00:00:00,2021-06-07 00:00:00,2021-06-07 00:00:00,50,50,object1
製造実現可能性検討書_NU1292-P17_2021.6.7.xlsx,1,NU1292-P17,,10,339,,完了,,製造実現可能性検討書_NU1292-P17_2021.6.7,,,  ,2021-06-07 00:00:00,2021-06-07 00:00:00,2021-06-07 00:00:00,50,50,object1
製造実現可能性検討書_NU1293-P16_2021.6.7.xlsx,1,NU1293-P16,,10,339,,完了,,製造実現可能性検討書_NU1293-P16_2021.6.7,,,  ,2021-06-07 00:00:00,2021-06-07 00:00:00,2021-06-07 00:00:00,50,50,object1
製造実現可能性検討書_NU1293-P17_2021.6.7.xlsx,1,NU1293-P17,,10,339,,完了,,製造実現可能性検討書_NU1293-P17_2021.6.7,,,  ,2021-06-07 00:00:00,2021-06-07 00:00:00,2021-06-07 00:00:00,50,50,object1
製造実現可能性検討書_NU1294-P12_2021.6.7.xlsx,1,NU1294-P12,,10,339,,完了,,製造実現可能性検討書_NU1294-P12_2021.6.7,,,  ,2021-06-07 00:00:00,2021-06-07 00:00:00,2021-06-07 00:00:00,50,50,object1
製造実現可能性検討書_NU1294-P13_2021.6.7.xlsx,1,NU1294-P13,,10,339,,完了,,製造実現可能性検討書_NU1294-P13_2021.6.7,,,  ,2021-06-07 00:00:00,2021-06-07 00:00:00,2021-06-07 00:00:00,50,50,object1
製造実現可能性検討書_NU1294-P15_2021.6.7.xlsx,1,NU1294-P15,,10,339,,完了,,製造実現可能性検討書_NU1294-P15_2021.6.7,,,  ,2021-06-07 00:00:00,2021-06-07 00:00:00,2021-06-07 00:00:00,50,50,object1
製造実現可能性検討書_NU1295-P12_2021.6.7.xlsx,1,NU1295-P12,,10,339,,完了,,製造実現可能性検討書_NU1295-P12_2021.6.7,,,  ,2021-06-07 00:00:00,2021-06-07 00:00:00,2021-06-07 00:00:00,50,50,object1
製造実現可能性検討書_NU1295-P13_2021.6.7.xlsx,1,NU1295-P13,,10,339,,完了,,製造実現可能性検討書_NU1295-P13_2021.6.7,,,  ,2021-06-07 00:00:00,2021-06-07 00:00:00,2021-06-07 00:00:00,50,50,object1
製造実現可能性検討書_NU1295-P14_2021.6.7.xlsx,1,NU1295-P14,,10,339,,完了,,製造実現可能性検討書_NU1295-P14_2021.6.7,,,  ,2021-06-07 00:00:00,2021-06-07 00:00:00,2021-06-07 00:00:00,50,50,object1
製造実現可能性検討書_NU1295-P15_2021.6.7.xlsx,1,NU1295-P15,,10,339,,完了,,製造実現可能性検討書_NU1295-P15_2021.6.7,,,  ,2021-06-07 00:00:00,2021-06-07 00:00:00,2021-06-07 00:00:00,50,50,object1
製造実現可能性検討書_NU1314-P04_2021.7.1.xlsx,1,NU1314-P04,,10,339,,完了,,製造実現可能性検討書_NU1314-P04_2021.7.1,,,  ,2021-07-01 00:00:00,2021-07-01 00:00:00,2021-07-01 00:00:00,50,50,object1
製造実現可能性検討書_NU1315-P04_2021.7.1.xlsx,1,NU1315-P04,,10,339,,完了,,製造実現可能性検討書_NU1315-P04_2021.7.1,,,  ,2021-07-01 00:00:00,2021-07-01 00:00:00,2021-07-01 00:00:00,50,50,object1
製造実現可能性検討書_NZDPM6-P43_2021.2.15.xlsx,1,NZDPM6-P43,,10,339,,完了,,製造実現可能性検討書_NZDPM6-P43_2021.2.15,,,  ,2021-02-15 00:00:00,2021-02-15 00:00:00,2021-02-15 00:00:00,50,50,object1
製造実現可能性検討書_NZDUC3-P07_2021.2.23.xlsx,1,NZDPM6-P43,,10,339,,完了,,製造実現可能性検討書_NZDUC3-P07_2021.2.23,,,  ,2021-02-23 00:00:00,2021-02-23 00:00:00,2021-02-23 00:00:00,50,50,object1
製造実現可能性検討書_NZDWY9-01-P48_2021.4.6.xlsx,1,NZDWY9-01-P48,,10,339,,完了,,製造実現可能性検討書_NZDWY9-01-P48_2021.4.6,,,  ,2021-04-06 00:00:00,2021-04-06 00:00:00,2021-04-06 00:00:00,50,50,object1
製造実現可能性検討書_NZDYP8-P43_2021.5.27.xlsx,1,NZDYP8-P43,,10,339,,完了,,製造実現可能性検討書_NZDYP8-P43_2021.5.27,,,  ,2021-05-27 00:00:00,2021-05-27 00:00:00,2021-05-27 00:00:00,50,50,object1
製造実現可能性検討書_NZDYP8-P43_2021.7.1.xlsx,1,NZDYP8-P43,,10,339,,完了,,製造実現可能性検討書_NZDYP8-P43_2021.7.1,,,  ,2021-07-01 00:00:00,2021-07-01 00:00:00,2021-07-01 00:00:00,50,50,object1
製造実現可能性検討書_NZDYP8-P50_2021.7.1.xlsx,1,NZDYP8-P50,,10,339,,完了,,製造実現可能性検討書_NZDYP8-P50_2021.7.1,,,  ,2021-07-01 00:00:00,2021-07-01 00:00:00,2021-07-01 00:00:00,50,50,object1
製造実現可能性検討書_NZDYP8-P51_2021.7.1.xlsx,1,NZDYP8-P51,,10,339,,完了,,製造実現可能性検討書_NZDYP8-P51_2021.7.1,,,  ,2021-07-01 00:00:00,2021-07-01 00:00:00,2021-07-01 00:00:00,50,50,object1
製造実現可能性検討書_NZDYP8-P52_2021.7.1.xlsx,1,NZDYP8-P52,,10,339,,完了,,製造実現可能性検討書_NZDYP8-P52_2021.7.1,,,  ,2021-07-01 00:00:00,2021-07-01 00:00:00,2021-07-01 00:00:00,50,50,object1
製造実現可能性検討書_NZDZF4-P04_2021.5.21.xlsx,1,NZDZF4-P04,,10,339,,完了,,製造実現可能性検討書_NZDZF4-P04_2021.5.21,,,  ,2021-05-21 00:00:00,2021-05-21 00:00:00,2021-05-21 00:00:00,50,50,object1
製造実現可能性検討書_NZER17-P50_2021.10.6.xlsx,1,NZER17-P50,,10,339,,完了,,製造実現可能性検討書_NZER17-P50_2021.10.6,,,  ,2021-10-06 00:00:00,2021-10-06 00:00:00,2021-10-06 00:00:00,50,50,object1
妥当性確認記録 NZEV30-P06.pdf,1,NZEV30-P06,,10,108,,完了,,妥当性確認記録 NZEV30-P06,,,  ,2023-05-28 00:00:00,2023-05-28 00:00:00,2023-05-28 00:00:00,50,50,object1
妥当性確認記録 NZEV30-P07.pdf,1,NZEV30-P07,,10,108,,完了,,妥当性確認記録 NZEV30-P07,,,  ,2023-05-28 00:00:00,2023-05-28 00:00:00,2023-05-28 00:00:00,50,50,object1
NZXY76-P22 妥当性確認記録.pdf,1,NZXY76-P22,,10,108,,完了,,NZXY76-P22 妥当性確認記録,,,  ,2023-05-28 00:00:00,2023-05-28 00:00:00,2023-05-28 00:00:00,50,50,object1
妥当性確認記録   NT3621-P44.pdf,1,NT3621-P44,,10,108,,完了,,妥当性確認記録   NT3621-P44,,,  ,2023-05-28 00:00:00,2023-05-28 00:00:00,2023-05-28 00:00:00,50,50,object1
NT3621-P50妥当性確認記録.pdf,1,NT3621-P50,,10,108,,完了,,NT3621-P50妥当性確認記録,,,  ,2023-05-28 00:00:00,2023-05-28 00:00:00,2023-05-28 00:00:00,50,50,object1
DR構想検討会議議事録_NT2394-P43_エンボス自動機2号機.pdf,1,NT2394-P43,,10,111,,完了,,DR構想検討会議議事録_NT2394-P43_エンボス自動機2号機,,,  ,2023-05-28 00:00:00,2023-05-28 00:00:00,2023-05-28 00:00:00,50,50,object1
DR構想検討会議議事録_NT2394-P44_エンボス自動機2号機.pdf,1,NT2394-P44,,10,111,,完了,,DR構想検討会議議事録_NT2394-P44_エンボス自動機2号機,,,  ,2023-05-28 00:00:00,2023-05-28 00:00:00,2023-05-28 00:00:00,50,50,object1
DR構想検討会議議事録_NT2394-P55_キャリア組立治具.pdf,1,NT2394-P55,,10,111,,完了,,DR構想検討会議議事録_NT2394-P55_キャリア組立治具,,,  ,2023-05-28 00:00:00,2023-05-28 00:00:00,2023-05-28 00:00:00,50,50,object1
DR構想検討会議議事録_NT2792-P41_エンボス自動機.pdf,1,NT2792-P41,,10,111,,完了,,DR構想検討会議議事録_NT2792-P41_エンボス自動機,,,  ,2023-05-28 00:00:00,2023-05-28 00:00:00,2023-05-28 00:00:00,50,50,object1
DR構想検討会議議事録_NT3621-P43_アルミ補材ラミネート自動機.pdf,1,NT3621-P43,,10,111,,完了,,DR構想検討会議議事録_NT3621-P43_アルミ補材ラミネート自動機,,,  ,2023-05-28 00:00:00,2023-05-28 00:00:00,2023-05-28 00:00:00,50,50,object1
DR構想検討会議議事録_NT3621-P44_エンボス自動機(3号機).pdf,1,NT3621-P44,,10,111,,完了,,DR構想検討会議議事録_NT3621-P44_エンボス自動機(3号機),,,  ,2023-05-28 00:00:00,2023-05-28 00:00:00,2023-05-28 00:00:00,50,50,object1
DR構想検討会議議事録_NT3621-P44_エンボス自動機(4号機).pdf,1,NT3621-P44,,10,111,,完了,,DR構想検討会議議事録_NT3621-P44_エンボス自動機(4号機),,,  ,2023-05-28 00:00:00,2023-05-28 00:00:00,2023-05-28 00:00:00,50,50,object1
DR構想検討会議議事録_NT3621-P44_エンボス自動機(5号機).pdf,1,NT3621-P44,,10,111,,完了,,DR構想検討会議議事録_NT3621-P44_エンボス自動機(5号機),,,  ,2023-05-28 00:00:00,2023-05-28 00:00:00,2023-05-28 00:00:00,50,50,object1
DR構想検討会議議事録_NT3621-P44_エンボス自動機(6号機).pdf,1,NT3621-P44,,10,111,,完了,,DR構想検討会議議事録_NT3621-P44_エンボス自動機(6号機),,,  ,2023-05-28 00:00:00,2023-05-28 00:00:00,2023-05-28 00:00:00,50,50,object1
DR構想検討会議議事録_NT3621-P50_外し整列自動機(V繋ぎ).pdf,1,NT3621-P50,,10,111,,完了,,DR構想検討会議議事録_NT3621-P50_外し整列自動機(V繋ぎ),,,  ,2023-05-28 00:00:00,2023-05-28 00:00:00,2023-05-28 00:00:00,50,50,object1
DR構想検討会議議事録_NY0690_画像検査装置・1号機.pdf,1,NY0690,,10,111,,完了,,DR構想検討会議議事録_NY0690_画像検査装置・1号機,,,  ,2023-05-28 00:00:00,2023-05-28 00:00:00,2023-05-28 00:00:00,50,50,object1
DR構想検討会議議事録_NY0691_画像検査装置・1号機.pdf,1,NY0691,,10,111,,完了,,DR構想検討会議議事録_NY0691_画像検査装置・1号機,,,  ,2023-05-28 00:00:00,2023-05-28 00:00:00,2023-05-28 00:00:00,50,50,object1
進捗管理票_NT2394-P43_エンボス自動機2号機.pdf,1,NT2394-P43,,10,103,,完了,,進捗管理票_NT2394-P43_エンボス自動機2号機,,,  ,2023-05-28 00:00:00,2023-05-28 00:00:00,2023-05-28 00:00:00,50,50,object1
進捗管理票_NT2394-P44_エンボス自動機2号機.pdf,1,NT2394-P44,,10,103,,完了,,進捗管理票_NT2394-P44_エンボス自動機2号機,,,  ,2023-05-28 00:00:00,2023-05-28 00:00:00,2023-05-28 00:00:00,50,50,object1
進捗管理票_NT2394-P55_キャリア組立治具2号機.pdf,1,NT2394-P55,,10,103,,完了,,進捗管理票_NT2394-P55_キャリア組立治具2号機,,,  ,2023-05-28 00:00:00,2023-05-28 00:00:00,2023-05-28 00:00:00,50,50,object1
進捗管理票_NT2792-P41_エンボス自動機.pdf,1,NT2792-P41,,10,103,,完了,,進捗管理票_NT2792-P41_エンボス自動機,,,  ,2023-05-28 00:00:00,2023-05-28 00:00:00,2023-05-28 00:00:00,50,50,object1
進捗管理票_NT3621-P43_アルミ補材ラミネート自動機.pdf,1,NT3621-P43,,10,103,,完了,,進捗管理票_NT3621-P43_アルミ補材ラミネート自動機,,,  ,2023-05-28 00:00:00,2023-05-28 00:00:00,2023-05-28 00:00:00,50,50,object1
進捗管理票_NT3621-P44_エンボス自動機(3号機).pdf,1,NT3621-P44,,10,103,,完了,,進捗管理票_NT3621-P44_エンボス自動機(3号機),,,  ,2023-05-28 00:00:00,2023-05-28 00:00:00,2023-05-28 00:00:00,50,50,object1
進捗管理票_NT3621-P44_エンボス自動機(4号機).pdf,1,NT3621-P44,,10,103,,完了,,進捗管理票_NT3621-P44_エンボス自動機(4号機),,,  ,2023-05-28 00:00:00,2023-05-28 00:00:00,2023-05-28 00:00:00,50,50,object1
進捗管理票_NT3621-P44_エンボス自動機(5号機).pdf,1,NT3621-P44,,10,103,,完了,,進捗管理票_NT3621-P44_エンボス自動機(5号機),,,  ,2023-05-28 00:00:00,2023-05-28 00:00:00,2023-05-28 00:00:00,50,50,object1
進捗管理票_NT3621-P44_エンボス自動機(6号機).pdf,1,NT3621-P44,,10,103,,完了,,進捗管理票_NT3621-P44_エンボス自動機(6号機),,,  ,2023-05-28 00:00:00,2023-05-28 00:00:00,2023-05-28 00:00:00,50,50,object1
進捗管理票_NT3621-P50_外し整列自動機.pdf,1,NT3621-P50,,10,103,,完了,,進捗管理票_NT3621-P50_外し整列自動機,,,  ,2023-05-28 00:00:00,2023-05-28 00:00:00,2023-05-28 00:00:00,50,50,object1
進捗管理票_NY0690_画像検査装置・1号機.pdf,1,NY0690,,10,103,,完了,,進捗管理票_NY0690_画像検査装置・1号機.pdf,,,  ,2023-05-28 00:00:00,2023-05-28 00:00:00,2023-05-28 00:00:00,50,50,object1
進捗管理票_NY0691_画像検査装置・1号機.pdf,1,NY0691,,10,103,,完了,,進捗管理票_NY0691_画像検査装置・1号機.pdf,,,  ,2023-05-28 00:00:00,2023-05-28 00:00:00,2023-05-28 00:00:00,50,50,object1